length,digits,hyphens,brand_sim,suspicious_tld,keywords,domain,label
20,0,0,0.32,0,0,aakrutisolutions.com,legit
18,0,0,0.3333,0,0,delhiescortsncr.in,legit
13,0,0,0.3333,0,0,alibaba.co.uk,legit
9,0,0,0.0,0,0,kh.edu.tw,legit
14,0,0,0.4286,0,0,layworld.co.jp,legit
11,0,0,0.375,0,0,htvront.com,legit
11,0,0,0.1818,0,0,feesmy.cyou,legit
6,0,0,0.3333,0,0,kmc.si,legit
18,0,0,0.3,0,0,beautybooth.com.bd,legit
16,3,0,0.381,0,0,carsstore365.com,legit
9,0,0,0.4,0,0,vidoco.vn,legit
18,0,0,0.4348,0,0,vedantalimited.com,legit
13,0,0,0.4706,0,0,gambleline.nl,legit
24,0,0,0.3478,0,0,rpcwtestsolver.pages.dev,phishing
12,0,0,0.4286,0,0,crfrs.org.br,legit
12,0,0,0.4444,0,0,monografi.ru,legit
12,3,0,0.3529,0,0,nusan910.com,legit
22,0,0,0.3333,0,0,interiorhomescapes.com,legit
14,0,0,0.375,0,0,xiaoshenke.net,legit
16,0,0,0.3529,0,0,fexcodccapps.com,legit
20,1,1,0.2727,0,0,bouncing8ball-ph.com,legit
8,0,0,0.2,0,0,burga.pl,legit
13,0,0,0.375,0,0,ivyenglish.kr,legit
14,0,0,0.5,0,0,rinatstore.com,legit
10,0,0,0.4,0,0,ndrive.com,legit
7,0,0,0.4444,0,0,rapz.ru,legit
16,0,1,0.2857,0,0,mcp-hybec.com.cn,legit
10,0,0,0.4,0,0,rouses.com,legit
18,0,0,0.4211,0,0,merloninoglia.shop,legit
15,0,0,0.5556,0,0,mailercloud.com,legit
17,0,0,0.4286,0,0,takealot.delivery,legit
18,0,0,0.4348,0,0,rooftopdefense.com,legit
12,0,0,0.4286,0,0,elksport.com,legit
16,0,0,0.2857,0,0,cougargaming.com,legit
19,0,0,0.3333,0,0,boomerangkazino.com,legit
16,0,0,0.3158,0,0,weighmytruck.com,legit
11,4,0,0.25,0,0,hsf2006.com,legit
19,0,0,0.0,0,0,www.borderclick.com,phishing
13,0,0,0.3333,0,0,radiowire.net,legit
21,0,0,0.3478,0,0,cellularoneonline.com,legit
13,0,0,0.5,0,0,lucklaser.com,legit
11,0,0,0.3077,0,0,ctci.com.tw,legit
14,0,0,0.4,0,0,elis.crimea.ua,legit
21,0,0,0.3478,0,0,cloudcommercetele.com,legit
8,0,0,0.4286,0,0,sytex.io,legit
29,0,3,0.4444,0,0,easy-bank-eta-inky.vercel.app,phishing
11,0,0,0.375,0,0,deseret.com,legit
10,0,0,0.5333,0,0,icesco.org,legit
20,0,0,0.4348,0,0,muscatmediagroup.com,legit
15,0,0,0.3,0,0,tilburytech.net,legit
22,0,0,0.3571,0,0,dynamicsourceliving.nl,legit
13,0,0,0.4444,0,0,jetplayer.net,legit
13,0,0,0.4211,0,0,jiaotizhan.cn,legit
18,0,0,0.4,0,0,cargillsonline.com,legit
18,0,0,0.3,0,0,sourcehorsemen.com,legit
22,0,1,0.2353,0,0,doc-ythvvbc.vercel.app,phishing
10,0,1,0.2857,0,0,tkk-lrt.ru,legit
21,0,0,0.3478,0,0,bespokethreads.net.au,legit
28,0,1,0.2941,0,0,recherchestipendien-koeln.de,legit
23,0,0,0.3077,0,0,bidvestburchmores.co.za,legit
26,0,0,0.4516,0,0,turkmenistanairlinestr.com,legit
19,0,0,0.3333,0,0,certifiedbrands.com,legit
14,1,0,0.125,0,0,nxf9wiiukb.cfd,legit
11,0,1,0.375,0,0,axa-fnc.com,legit
17,4,0,0.3636,0,0,mathcyber1997.com,legit
14,0,0,0.375,0,0,royalrapid.com,legit
14,0,0,0.4211,0,0,chanceraps.com,legit
20,0,2,0.2308,0,0,hhttps-www-roblox.co,phishing
17,0,0,0.5455,0,0,saportareport.com,legit
17,0,0,0.3636,0,0,qosconsulting.com,legit
16,0,0,0.4444,0,0,dataforce.com.au,legit
15,0,0,0.3077,0,0,uzashoes.com.br,legit
12,0,0,0.5455,0,0,adypu.edu.in,legit
17,0,2,0.3636,0,0,your-web-host.com,legit
11,0,0,0.3333,0,0,flazio.site,legit
14,0,0,0.375,0,0,ubtsupport.com,legit
8,0,0,0.3636,0,0,onion.io,legit
12,3,0,0.2857,0,0,raja717q.org,legit
13,0,0,0.4211,0,0,episaveurs.fr,legit
11,0,0,0.4286,0,0,imagerr.com,legit
10,0,0,0.4286,0,0,sugar.lgbt,legit
13,2,0,0.2667,0,0,genesis17.com,legit
9,3,0,0.1818,0,0,247bet.mx,legit
11,0,0,0.5,0,0,mooncat.com,legit
15,0,1,0.3529,0,0,file-upload.net,legit
11,7,0,0.0,0,0,4232332.com,legit
12,2,0,0.4286,0,0,45casino.cfd,legit
14,0,0,0.2667,0,0,digitalspy.com,legit
9,0,0,0.3333,0,0,libfox.ru,legit
14,0,1,0.4211,0,0,ntp-server.net,legit
9,0,0,0.4,0,0,jcalc.net,legit
17,0,0,0.3158,0,0,uttlsolutions.net,legit
18,0,0,0.4348,0,0,elazigsonhaber.com,legit
20,0,0,0.3077,0,0,zenvectorplatform.nl,legit
23,0,0,0.3571,0,0,speedwaymotorsports.com,legit
7,0,0,0.4,0,0,yoys.nl,legit
10,0,0,0.5455,0,0,altrec.com,legit
16,0,0,0.5556,0,0,unigrande.edu.br,legit
17,0,1,0.4,0,0,pianeta-calcio.it,legit
15,0,0,0.3529,0,0,eukanuba.com.ar,legit
18,0,2,0.2105,0,0,fuksi-kagk-u.ac.jp,legit
22,0,0,0.2857,0,0,asvezestempoazs.com.br,legit
14,0,0,0.4,0,0,wikicampers.fr,legit
15,0,0,0.3333,0,0,courierit.co.za,legit
17,0,0,0.3158,0,0,troikaapharma.net,legit
16,0,0,0.4444,0,0,betsncasinos.com,legit
10,0,0,0.4,0,0,ameise.app,legit
14,3,0,0.3,0,0,kolkata24x7.in,legit
23,0,1,0.4,0,0,pinupbet-sportsbook.com,legit
17,0,0,0.4211,0,0,congtogelnaik.com,legit
18,0,1,0.3333,0,0,heinrichs-agrar.de,legit
20,0,0,0.4348,0,0,outlooktraveller.com,legit
17,0,0,0.0,0,0,www.robiox.com.py,phishing
13,0,0,0.4444,0,0,ipandmore.net,legit
14,0,1,0.4286,0,0,g-group.global,legit
18,0,0,0.4167,0,0,osteuropaladies.de,legit
9,0,0,0.4,0,0,kartes.lv,legit
18,0,0,0.4,0,0,teenwolfonline.org,legit
15,0,0,0.3529,0,0,joyfootball.com,legit
26,0,0,0.3158,0,1,fakebooklogin.blogspot.com,phishing
17,1,0,0.1667,0,0,bah5szv.myrdbx.io,phishing
11,3,0,0.1538,0,0,b2q8n4k.com,legit
10,0,0,0.2667,0,0,knajfi.com,legit
15,0,0,0.3529,0,0,peelschools.org,legit
9,0,0,0.5,0,0,notino.lt,legit
21,3,2,0.1739,0,0,xn--bb0bw4mh6loup.net,legit
12,0,0,0.2857,0,0,opadnscc.com,legit
51,1,2,0.24,0,0,crimson-meadow-6feeocumentpdflhonsfilesax.pages.dev,phishing
13,0,0,0.3333,0,0,limakshop.com,legit
14,0,0,0.4211,0,0,contactout.com,legit
13,0,0,0.3636,0,0,brasil.com.cn,legit
19,0,0,0.381,0,0,cruisecritic.com.au,legit
14,0,0,0.4706,0,0,videobuster.de,legit
9,0,0,0.2857,0,0,futur.eco,legit
10,0,0,0.2667,0,0,survie.org,legit
12,0,0,0.3529,0,0,acrartex.com,legit
10,0,0,0.4615,0,0,hagara.fun,legit
9,0,0,0.3636,0,0,rites.com,legit
10,0,0,0.4615,0,0,megbook.hk,legit
9,4,0,0.1818,0,0,av3715.ru,legit
12,0,0,0.3333,0,0,rosebikes.at,legit
9,1,0,0.1429,0,0,9xbud.com,legit
13,0,0,0.3333,0,0,getsharex.com,legit
29,0,1,0.4,0,0,efootball.konami-official.com,phishing
16,0,0,0.4211,0,0,fellowfellow.com,legit
23,0,1,0.4,0,0,people-incorporated.com,legit
13,0,0,0.3529,0,0,bakkerbart.nl,legit
10,0,0,0.2667,0,0,shehds.com,legit
13,0,0,0.4444,0,0,scarionnw.com,legit
22,0,0,0.0,0,0,www.xfinityrefunds.com,phishing
18,0,0,0.4348,0,0,telepicturestv.com,legit
15,0,2,0.3,0,0,chick-fil-a.com,legit
12,0,0,0.375,0,0,isabellas.dk,legit
9,0,0,0.1818,0,0,btbbt.com,legit
17,0,0,0.3636,0,0,norduserforum.com,legit
45,0,3,0.25,1,0,mannger-us-checcksupports-verrification.click,phishing
14,0,0,0.2667,0,0,nebuluxetv.com,legit
13,0,0,0.375,0,0,usercrowd.com,legit
9,0,0,0.2857,0,0,csumb.edu,legit
12,0,1,0.3333,0,0,win-rc.co.jp,legit
12,0,0,0.3529,0,0,biwacity.net,legit
25,0,3,0.4545,0,0,eng-ledgr-io-en.pages.dev,phishing
20,4,0,0.1333,0,0,c343c5.icefactory.cl,phishing
13,0,0,0.3636,0,0,provpn.online,legit
9,0,0,0.3636,0,0,wemail.no,legit
10,0,0,0.4615,0,0,ahbelo.com,legit
18,0,0,0.4348,0,0,livecasinomate.com,legit
13,0,0,0.4211,0,0,supershoot.eu,legit
14,0,0,0.375,0,0,spoilerplus.tv,legit
14,0,0,0.5,1,0,aviamoster.top,legit
26,0,1,0.3333,0,0,peduli-shopee.blogspot.com,phishing
13,0,0,0.3529,0,0,leukermeer.nl,legit
13,0,0,0.375,0,0,loveboobs.vip,legit
15,0,0,0.3,0,0,runfreefire.com,legit
14,0,0,0.3529,0,0,digitaling.com,legit
18,1,0,0.2609,0,0,rewards4racing.com,legit
11,0,0,0.2857,0,0,rummyho.net,legit
15,2,0,0.1429,0,0,dudung78.online,legit
10,0,0,0.2667,0,0,fluzic.com,legit
16,0,0,0.381,0,0,mehtabrother.com,legit
8,3,0,0.0,0,0,56b1.com,legit
8,0,0,0.2,0,0,ebajk.pl,legit
10,0,0,0.3636,1,0,bcgame.top,legit
20,0,0,0.4,0,0,wilsoncountynews.com,legit
16,0,0,0.4211,0,0,industrystock.tw,legit
18,3,0,0.3478,0,0,customer360psa.com,legit
19,0,0,0.4444,0,0,mail.eliasprobst.eu,phishing
13,0,0,0.1667,1,0,frembed.click,legit
16,0,0,0.3158,0,0,imagearchive.com,legit
11,0,0,0.4,0,0,dlenc.co.kr,legit
14,0,0,0.5,0,0,kinessoint.com,legit
12,0,0,0.4286,0,0,senkodns.net,legit
23,0,0,0.2857,0,0,stroudwebsitedesign.com,legit
12,0,0,0.4,0,0,link.gallery,legit
14,0,0,0.4211,0,0,manhwaread.org,legit
12,0,0,0.4,0,0,gzpurfox.com,legit
23,0,0,0.3846,0,0,saversgroupholdings.com,legit
19,0,0,0.3333,0,0,newfrontierdata.com,legit
11,0,0,0.3077,1,0,gojihub.xyz,legit
21,0,0,0.3704,0,0,catedraldevalencia.es,legit
36,2,4,0.2381,0,0,kapelnicza-ot-pokhmelya-samara-30.ru,legit
17,0,0,0.3333,0,0,powerplatform.com,legit
20,0,0,0.3636,0,0,supergiftoptions.com,legit
8,0,0,0.6,0,0,happy.nu,legit
9,0,0,0.3636,0,0,iaato.org,legit
17,1,0,0.3636,1,0,usa7evidences.top,legit
7,0,0,0.3077,0,0,shor.cc,legit
11,0,0,0.6154,0,0,postman.com,legit
20,4,0,0.1818,0,0,6957ed.icefactory.cl,phishing
20,0,0,0.4,0,0,rankfirsthosting.net,legit
9,0,0,0.3636,0,0,cvrapi.dk,legit
17,0,0,0.3,0,0,dhillshopping.com,phishing
12,1,0,0.375,0,0,1movies.life,legit
10,0,0,0.5333,0,0,savana.com,legit
28,0,2,0.303,0,0,protective-angel-reading.com,legit
17,2,2,0.2609,0,0,awsdns-eusc-10.nl,legit
14,0,0,0.375,0,0,moldemania.com,legit
8,0,0,0.4,0,0,jogh.org,legit
22,0,1,0.3704,0,0,costadelsol-hotels.net,legit
22,0,0,0.2857,0,0,duishalik.blogspot.com,phishing
20,3,0,0.1818,0,0,ec0b54.icefactory.cl,phishing
24,0,2,0.4762,0,0,en-liive-ledgr.pages.dev,phishing
11,0,0,0.3333,0,0,lourdes.edu,legit
12,0,1,0.3333,0,0,fumi-life.jp,legit
12,0,0,0.3529,0,0,ruayfinn.com,legit
13,3,1,0.375,0,0,522-hello.com,legit
12,0,0,0.3529,0,0,hyresult.com,legit
9,0,0,0.0,0,0,www.qr.fm,phishing
12,0,0,0.5333,0,0,aikostore.ru,legit
25,0,1,0.3704,0,0,charity-commission.gov.uk,legit
15,0,0,0.5714,0,0,posthaus.com.br,legit
10,0,0,0.375,0,0,fssteel.ru,legit
10,1,0,0.3636,0,0,rapid8.com,legit
15,0,0,0.3333,0,0,cdnhlscloud.com,legit
21,3,0,0.4,0,0,saranyaa666.github.io,phishing
12,0,0,0.4286,0,0,giganews.com,legit
14,0,0,0.5,0,0,smitsarnhem.nl,legit
12,5,0,0.4286,0,0,gol32191.com,legit
9,0,0,0.3333,0,0,qortex.ai,legit
8,0,0,0.4615,0,0,slot.day,legit
12,0,0,0.4444,0,0,corpinter.de,legit
14,3,0,0.4,1,0,casino017.buzz,legit
13,0,0,0.4,0,0,robiox.com.ps,phishing
13,0,0,0.2667,0,0,toyhabits.com,legit
10,0,0,0.3333,0,0,wooyun.org,legit
15,3,0,0.4,0,0,trueslot504.com,legit
17,0,0,0.0,0,0,www.lovevivah.com,phishing
12,3,0,0.1538,0,0,opqwi983.com,legit
14,0,0,0.4,0,0,curaprox.co.uk,legit
10,0,0,0.2667,0,0,pmhcjk.com,legit
11,1,0,0.1818,0,0,mjpku8.shop,legit
23,0,0,0.3571,0,0,suncoastcyclesports.com,legit
19,0,0,0.5,0,0,eyupsabrituncer.com,legit
25,0,0,0.4,0,0,solusibangunindonesia.com,legit
14,0,0,0.4,0,0,crazybless.com,legit
8,2,0,0.2222,0,0,ev28.com,legit
24,0,0,0.3846,0,0,mintratrainingportal.com,legit
16,0,0,0.381,0,0,kacamatahani.com,legit
13,6,0,0.1429,0,0,393bet777.com,legit
13,0,0,0.4444,0,0,sbotodoke.com,legit
35,4,0,0.3448,0,0,instagramfollowers7894.blogspot.com,phishing
9,0,0,0.2857,0,0,catfk.com,legit
36,0,3,0.3529,0,0,instagram-clone-liard-two.vercel.app,phishing
14,0,0,0.5263,0,0,aungwinter.com,legit
14,0,0,0.4,0,0,reptifiles.com,legit
11,0,0,0.4615,0,0,invoxia.com,legit
13,0,0,0.4,0,0,userpilot.com,legit
22,0,1,0.3333,0,0,des-lgerlive.pages.dev,phishing
9,0,0,0.4,0,0,stasto.eu,legit
12,0,0,0.3529,0,0,myshadow.org,legit
18,0,0,0.3,0,0,presidencia.gov.py,legit
11,0,0,0.3529,0,0,maritima.fr,legit
9,2,0,0.1818,0,0,bike24.pl,legit
21,0,0,0.3704,0,0,chateaudechantilly.fr,legit
17,0,0,0.3478,0,0,threebestrated.ca,legit
17,0,0,0.4211,0,0,badboybondage.com,legit
13,0,0,0.3333,0,0,eventlink.com,legit
9,0,0,0.3333,0,0,prawko.pl,legit
12,0,0,0.4,0,0,lenpravda.ru,legit
8,1,0,0.1818,0,0,1c.cloud,legit
18,0,0,0.4,0,0,vegasluckplanet.us,legit
12,0,0,0.3077,0,0,marmelab.com,legit
11,0,0,0.375,0,0,nofraud.com,legit
13,1,0,0.3333,0,0,mathbotv2.com,legit
11,0,0,0.375,0,0,idchess.com,legit
14,0,0,0.3158,0,0,tescocloud.com,legit
18,0,0,0.4348,0,0,postcardunited.com,legit
9,0,0,0.3636,0,0,ntjoy.com,legit
18,1,0,0.3333,1,0,5pornovideos.click,legit
16,1,0,0.3158,0,0,gcmoderation1.ru,legit
20,0,0,0.4348,0,0,dealeraccelerate.net,legit
16,0,1,0.3333,0,0,jetton-bonus.pro,legit
11,0,0,0.2667,0,0,mercimed.by,legit
16,0,0,0.5882,0,0,papersplease.org,legit
14,1,0,0.4211,0,0,j8xzsadada.org,legit
13,0,0,0.4211,0,0,ojazzdance.fr,legit
22,0,0,0.381,0,0,agenciaminas.mg.gov.br,legit
9,0,0,0.5,0,0,radist.me,legit
12,0,0,0.4286,0,0,nadialim.com,legit
10,3,0,0.3333,0,0,gwl567.com,legit
15,0,0,0.375,0,0,journalhome.com,legit
8,0,0,0.3077,0,0,tevi.net,legit
8,0,0,0.4,0,0,speee.jp,legit
16,0,1,0.4545,0,0,astana-motors.kz,legit
8,0,0,0.4,0,0,jlove.gr,legit
23,0,0,0.4286,0,0,clingcratemoistness.com,legit
12,0,0,0.5556,0,0,newsstand.ie,legit
11,0,0,0.3333,0,0,enseval.com,legit
16,0,0,0.5714,0,0,tankretailer.com,legit
19,0,0,0.4,0,0,georgesapproval.com,legit
13,0,0,0.3333,0,0,gaudibebe.com,legit
15,1,0,0.3529,0,0,eocampaign1.com,legit
11,0,0,0.4615,0,0,batinfo.com,legit
11,0,0,0.5714,0,0,likerro.com,legit
13,0,0,0.3333,0,0,mymagnifi.org,legit
12,0,0,0.4286,0,0,sabay.com.kh,legit
16,0,0,0.3636,0,0,opensolutions.pt,legit
16,0,0,0.2857,1,0,sucsscesfull.top,phishing
15,0,0,0.3529,0,0,ruggedridge.com,legit
10,0,0,0.3077,0,0,jslxhl.com,legit
10,1,0,0.2667,0,0,4media.com,legit
23,1,0,0.3571,0,0,3pattigamesdownload.com,legit
9,0,0,0.4,0,0,plako.net,legit
9,3,0,0.0,0,0,094kk.com,legit
9,1,0,0.3333,0,0,6abbo.com,legit
14,0,0,0.375,0,0,tidholmart.com,legit
8,0,0,0.3636,0,0,axaim.cn,legit
12,0,0,0.3077,0,0,orcajump.com,legit
12,0,0,0.3333,0,0,militaria.it,legit
20,3,0,0.1333,0,0,09cbd1.icefactory.cl,phishing
19,0,0,0.4348,0,0,schachcomputer.info,legit
20,0,0,0.3846,0,0,xlcatlinsyndicate.fr,legit
17,0,1,0.4211,0,0,rengas-online.com,legit
19,0,0,0.2857,0,0,serverbasket.net.in,legit
18,0,0,0.4348,0,0,strongerstarts.com,legit
15,0,0,0.5333,0,0,callflex.com.br,legit
12,0,0,0.5556,0,0,franfindr.in,legit
15,7,0,0.1333,0,0,c019jp7984.info,legit
13,0,0,0.375,0,0,marmite.co.uk,legit
25,0,1,0.3333,0,0,creditunion-authority.com,phishing
14,2,0,0.2667,0,0,blog66but.shop,legit
16,0,0,0.3158,0,0,sportthinking.it,legit
34,9,4,0.1379,0,0,cc725-a82w4-4c9q-xqs-ze8.pages.dev,phishing
10,0,0,0.4615,0,0,biznext.in,legit
15,0,0,0.4444,0,0,shimabara.lg.jp,legit
31,0,0,0.3636,0,1,login.microsoftonline.hmvegn.ie,phishing
5,0,0,0.25,0,0,ti.to,legit
10,0,0,0.3333,0,0,maf.gov.om,legit
15,0,1,0.375,0,0,tts-group.co.uk,legit
17,0,0,0.4211,0,0,gravitysplash.com,legit
11,2,0,0.0,0,0,38v.network,legit
11,0,0,0.5455,0,0,maro.coffee,legit
25,0,0,0.3704,0,0,edgewoodhealthnetwork.com,legit
17,0,0,0.375,0,0,atlasvpska.online,legit
11,0,0,0.4,0,0,meganorm.ru,legit
18,0,1,0.4762,0,0,pusat-nonton.space,legit
11,2,0,0.25,0,0,bb44com.net,legit
13,0,0,0.3333,0,0,openice.cloud,legit
9,0,0,0.25,0,0,vax.co.uk,legit
12,0,0,0.3333,0,0,velenjcan.si,legit
10,0,0,0.2667,0,0,cjbgxt.com,legit
7,0,1,0.3077,0,0,dn-r.ru,legit
49,5,2,0.2963,0,0,ajustedeutilizacao.s3.us-east-005.backblazeb2.com,phishing
13,0,0,0.2667,0,0,flashscore.pt,legit
8,0,0,0.5455,0,0,mego.pet,legit
11,0,0,0.3077,0,0,dnsfree.net,legit
11,0,0,0.5,0,0,anycart.com,legit
9,0,0,0.3636,0,0,lakns.com,legit
18,0,0,0.4348,0,0,testpapersfree.com,legit
7,0,0,0.4615,0,0,mods.dk,legit
14,0,0,0.2857,0,0,yokumoku.co.jp,legit
12,0,1,0.2857,0,0,spy-duck.com,legit
16,0,0,0.3529,0,0,nautilusplus.com,legit
19,0,0,0.3333,0,0,bancoserfinanza.com,legit
9,3,0,0.2,0,0,500px.org,legit
11,0,0,0.4706,0,0,arabnews.pk,legit
13,0,0,0.4706,0,0,gestinet.info,legit
8,0,0,0.2857,0,0,covid.is,legit
34,0,3,0.3636,0,0,connect-start-ledger-ens.pages.dev,phishing
13,0,0,0.3333,0,0,dcsheriff.net,legit
7,0,0,0.2,0,0,wwtx.ru,legit
10,0,0,0.5333,0,0,osmand.net,legit
20,0,1,0.2857,0,0,joymark-design.co.jp,legit
12,8,0,0.0,0,0,97777779.com,legit
8,0,0,0.4,0,0,gmail.hu,legit
12,1,0,0.375,0,0,europace2.de,legit
12,0,0,0.4286,0,0,kamailio.org,legit
36,0,3,0.3333,0,0,live-apps-outlook-connect.abrdns.com,phishing
18,0,1,0.5833,0,0,matthias-endler.de,legit
14,0,0,0.3529,0,0,sportvision.mk,legit
8,2,0,0.2222,0,0,lc77.net,phishing
17,0,1,0.3636,0,0,szene-hamburg.com,legit
11,0,0,0.4286,0,0,namirial.fr,legit
6,0,0,0.3333,0,0,ikf.ir,legit
9,0,0,0.3333,0,0,ktell.net,legit
14,0,1,0.3,0,0,architas-mm.be,legit
17,0,0,0.4,0,0,electrolandgh.com,legit
14,0,0,0.3158,0,0,verdictmma.com,legit
13,0,0,0.5,0,0,gelgezgor.com,legit
18,0,0,0.4167,0,0,babylandonlinee.ir,legit
9,0,0,0.6,0,0,uppcl.org,legit
9,0,0,0.3333,0,0,noviny.sk,legit
14,0,0,0.25,0,0,czechmovie.com,legit
10,0,0,0.1818,0,0,chenyu.ltd,legit
7,0,0,0.25,0,0,dau.mil,legit
11,0,0,0.4706,0,0,gardener.ru,legit
22,0,0,0.3636,0,0,splash.gobbledygook.uk,phishing
14,0,0,0.375,0,0,retrocycle.com,legit
28,0,2,0.3333,0,0,com-desktop-ledgrr.pages.dev,phishing
13,0,0,0.4286,0,0,hageltech.com,legit
19,0,0,0.4211,0,0,brightonpages.co.uk,legit
41,5,4,0.2105,0,0,p01--jpmorganchase--wx9l2zc8jjmz.code.run,phishing
11,0,0,0.4615,0,0,mamaloes.nl,legit
12,2,0,0.2,0,0,web66.com.tw,legit
17,0,0,0.4348,0,0,westfalenhoefe.de,legit
9,0,0,0.5333,0,0,bender.de,legit
22,0,2,0.3333,0,0,us-ldgr-live.pages.dev,phishing
14,0,0,0.2105,0,0,xxxtubeact.com,legit
17,0,0,0.0,0,0,www.roblox.com.mu,phishing
15,2,0,0.375,0,0,polototo37.site,legit
36,0,0,0.3333,0,0,yayasanpendidikandzurriyatulquran.id,legit
7,1,0,0.3077,0,0,idc1.cn,legit
9,0,0,0.6,0,0,aelex.com,legit
25,0,0,0.4,0,0,personcentredsoftware.com,legit
18,0,0,0.5,0,0,dailyplaylists.com,legit
11,0,0,0.5,0,0,datasae.com,legit
10,0,0,0.3333,0,0,funein.com,legit
16,0,0,0.2857,0,0,forumromanum.org,legit
12,0,0,0.4286,0,0,popcrush.com,legit
11,0,0,0.5,0,0,sambent.com,legit
8,0,0,0.3077,0,0,cvte.com,legit
15,0,0,0.4444,0,0,smartpack.world,legit
16,0,0,0.5,0,0,agromania.com.br,legit
22,0,0,0.3333,0,0,explorefreeresults.com,legit
9,0,0,0.4,0,0,sealy.com,legit
10,4,0,0.1818,1,0,0707s.buzz,legit
12,0,0,0.3636,0,0,ephor.online,legit
19,0,0,0.2857,0,0,pacificseedbank.com,legit
45,0,4,0.2326,0,0,web-fun-checkout-prototype-uniswap.vercel.app,phishing
20,0,0,0.3478,0,0,lancashireleague.com,legit
23,0,0,0.4348,0,0,casinospincentral.co.uk,legit
9,2,0,0.2,0,0,bet71.fun,legit
13,0,0,0.5882,0,0,agroseguro.es,legit
13,0,0,0.6316,0,0,ipsantarem.pt,legit
8,0,0,0.2,0,0,urgau.ru,legit
15,0,0,0.4,0,0,chrisbrogan.com,legit
15,0,1,0.381,0,0,civic-europe.eu,legit
16,0,1,0.25,0,0,do-johodai.ac.jp,legit
18,0,0,0.2857,0,0,metamask.github.io,phishing
13,0,1,0.3077,0,0,kobe-np.co.jp,legit
14,0,0,0.4286,0,0,icksplus.co.kr,legit
13,0,0,0.4286,0,0,zebrano.co.nz,legit
15,0,0,0.3,0,0,wemshowcase.com,legit
13,0,0,0.5333,0,0,cpapoutlet.ca,legit
6,1,0,0.2222,0,0,s4w.in,phishing
18,0,0,0.3478,0,0,sveltetraining.com,legit
11,0,0,0.5,0,0,newsner.com,legit
12,0,0,0.4,0,0,feldgrau.com,legit
12,0,0,0.5,0,0,tebrand.asia,legit
13,0,0,0.4,0,0,roblox.com.bn,phishing
7,0,0,0.6,0,0,napo.ru,legit
18,0,0,0.3478,0,0,koshervitamins.com,legit
18,0,0,0.3478,0,0,rupiahtototeam.com,legit
11,0,0,0.4286,0,0,erviplus.cz,legit
15,0,0,0.4,0,0,shermansnow.com,legit
18,0,0,0.4167,0,0,fresharenahouse.nl,legit
10,0,0,0.3077,0,0,csdd.eu.cc,phishing
15,0,0,0.381,0,0,diknaspadang.id,legit
38,7,3,0.2857,0,0,open-share-6xt6.p-h18h574a.workers.dev,phishing
11,0,0,0.4286,0,0,royalbau.hu,phishing
22,0,0,0.4444,0,0,brianjamestrailers.com,legit
17,2,0,0.4211,1,0,moon33agencys.xyz,legit
11,3,0,0.1538,0,0,cuci100.net,legit
16,0,0,0.4762,0,0,whatkatewore.com,legit
10,1,0,0.2667,0,0,nuebe9.com,legit
9,3,0,0.2857,0,0,7de18.com,legit
20,4,0,0.1818,0,0,a783f8.icefactory.cl,phishing
13,0,0,0.3333,0,0,chunkbase.com,legit
12,0,0,0.2857,0,0,kavirmag.com,legit
22,0,1,0.2963,0,0,austria-architects.com,legit
10,0,0,0.2667,0,0,shnccc.com,legit
9,0,1,0.2,0,0,ln-cc.com,legit
13,0,0,0.4286,0,0,eulawlive.com,legit
14,0,1,0.0,0,0,www.i-candy.uk,phishing
12,0,0,0.375,0,0,embryolab.eu,legit
11,0,0,0.2857,0,0,jshem.or.jp,legit
7,0,0,0.3077,0,0,mess.be,legit
7,0,0,0.2,0,0,kkcg.cz,legit
9,4,0,0.0,0,0,78h27.com,legit
15,0,0,0.375,0,0,coralthemes.com,legit
8,0,0,0.3077,0,0,teia.art,legit
13,0,0,0.5333,0,0,investran.com,legit
15,0,0,0.375,0,0,holmesplace.com,legit
28,0,3,0.3333,0,0,doc-desktop--ledgr.pages.dev,phishing
13,0,0,0.5333,0,0,calyxpath.com,legit
13,0,0,0.4286,0,0,baimpulau.com,legit
13,0,0,0.4286,0,0,graveto.store,legit
21,0,3,0.32,0,0,sugar-rush-gr-demo.gr,legit
29,1,0,0.25,0,0,s1._domainkey.gobbledygook.uk,phishing
11,0,0,0.4615,0,0,tagalys.com,legit
10,0,0,0.4615,0,0,livedns.my,legit
10,0,0,0.4286,0,0,telemag.ru,legit
18,0,1,0.3333,0,0,condoom-anoniem.nl,legit
16,0,0,0.3333,0,0,cloudpassage.com,legit
12,0,0,0.3333,0,0,spreekuur.nl,legit
7,0,0,0.2,0,0,tywx.la,legit
9,0,0,0.5333,0,0,costco.mx,legit
22,0,0,0.3704,0,0,tauretcomputadores.com,legit
19,0,0,0.5,0,0,camelbackresort.com,legit
7,0,0,0.3077,0,0,chef.ru,legit
12,0,0,0.3333,0,0,jtexpress.co,legit
12,0,0,0.5333,0,0,avenirco.com,legit
21,0,0,0.3077,0,0,shortcutsolutions.net,legit
34,0,1,0.381,0,0,worker-yonggekk.kpeppe.workers.dev,phishing
12,0,0,0.4,0,0,elboroom.com,legit
9,1,0,0.3636,0,0,myn2o.app,legit
13,0,1,0.3333,0,0,axa-bk.online,legit
13,4,0,0.3158,0,0,rotary2000.ch,legit
6,0,0,0.3333,0,0,lan.jp,legit
11,0,0,0.2222,0,0,jspi.edu.cn,legit
32,0,1,0.2632,0,0,goldeneslamm-vorderweidenthal.de,legit
18,0,0,0.4348,0,0,americasurveys.com,legit
31,0,0,0.3571,0,0,tarzgymsporfitnness.duckdns.org,phishing
9,1,0,0.25,0,0,l2p.co.uk,legit
21,0,0,0.2963,0,0,zenconnectplatform.nl,legit
10,0,0,0.3077,0,0,baozun.com,legit
20,0,0,0.3478,0,0,fondationhopitaux.fr,legit
17,0,0,0.4,0,0,lexpressiondz.com,legit
13,0,1,0.2667,0,0,over-link.net,legit
16,0,0,0.3333,0,0,xboxgamertag.com,legit
18,0,0,0.3333,0,0,commonobjective.co,legit
16,0,0,0.3333,0,0,dhakabank.com.bd,legit
17,0,0,0.3636,0,0,hunanfangxing.com,legit
44,7,3,0.186,0,0,yktpm52lkww-lhjndwur-1i4i7b-ykk44p.pages.dev,phishing
16,0,0,0.5263,0,0,callawaygolf.com,legit
13,0,0,0.375,0,0,zohopublic.jp,legit
16,0,0,0.5455,0,0,vestlandfylke.no,legit
9,1,0,0.3636,0,0,k9npr.com,legit
10,0,0,0.4615,0,0,infomil.nl,legit
12,0,0,0.5333,0,0,golodanie.su,legit
40,3,2,0.3243,0,0,magnificent-madeleine-4db4b6.netlify.app,phishing
19,0,0,0.3636,0,0,filmsexygratuit.com,legit
10,0,0,0.4615,0,0,nootica.it,legit
15,0,0,0.3333,0,0,cleanorigin.com,legit
11,4,0,0.3077,1,0,p1201nt.xyz,legit
16,0,0,0.3077,0,0,adbdoc.pages.dev,phishing
13,0,0,0.1538,0,0,jeetbuzz.live,legit
11,0,0,0.2857,0,0,feedmob.com,legit
13,0,0,0.5,0,0,appsapi.co.uk,legit
16,0,0,0.3333,0,0,pelotalibretv.su,legit
10,0,0,0.3636,1,0,cloa.click,legit
16,0,0,0.4545,0,0,multitransfer.ru,legit
9,1,0,0.0,0,0,k1.com.br,legit
15,0,0,0.5,0,0,wpsimplepay.com,legit
19,0,0,0.3333,0,0,fatihaltayli.com.tr,legit
9,0,0,0.2857,0,0,dttna.com,legit
14,0,0,0.4211,0,0,topickshop.com,legit
12,0,0,0.2667,0,0,ezhellas.com,legit
33,5,2,0.2963,0,0,papaya-gumdrop-58023b.netlify.app,phishing
13,0,0,0.3333,0,0,anonibxxx.com,legit
16,0,1,0.4706,0,0,people-cloud.com,legit
18,0,0,0.3158,0,0,slickwillies.co.uk,legit
17,0,0,0.2667,0,0,bloxvendas.com.br,legit
24,0,1,0.0,0,0,www.rdbn-sgrs.vercel.app,phishing
14,0,0,0.375,0,0,wheretoget.com,legit
12,0,0,0.4,0,0,lindachat.ru,legit
46,4,4,0.1951,0,0,pichincha-ecuador-2026--creditopich.replit.app,phishing
11,0,0,0.3529,0,0,buiocubo.it,legit
16,0,0,0.381,0,0,miamibeachfl.gov,legit
14,1,0,0.3158,0,0,xhwebsite5.com,legit
24,0,0,0.3846,0,0,americanschoolway.edu.co,legit
10,0,0,0.375,0,0,tarkett.rs,legit
19,0,0,0.3333,0,0,arrowheadpharma.com,legit
17,0,0,0.2727,0,0,accessibility.day,legit
29,3,2,0.3077,0,0,chic-dango-a98f0b.netlify.app,phishing
24,0,0,0.2759,0,0,countrygrowncannabis.com,legit
8,0,0,0.3077,0,0,gmcc.net,legit
9,0,0,0.2222,0,0,sku.ac.ir,legit
6,0,0,0.1667,0,0,ucc.mx,legit
11,0,0,0.4706,0,0,snapgram.io,legit
25,0,0,0.3704,0,0,internationalskeptics.com,legit
9,0,0,0.1818,0,0,kubii.com,legit
12,0,0,0.2857,0,0,pm.pr.gov.br,legit
17,0,0,0.381,0,0,hotelcalalonga.it,legit
18,0,0,0.4,0,0,facebook.webm.asia,phishing
23,0,0,0.3571,0,0,tureciboelectronico.com,legit
16,0,1,0.3636,0,0,cookery-store.ca,legit
8,0,0,0.3636,0,0,genet.cz,legit
17,3,1,0.2857,0,0,abadi777-vip.site,legit
17,2,0,0.3478,0,0,wappstarsdns25.nl,legit
13,0,0,0.4,0,0,travel.gov.gr,legit
19,0,0,0.5455,0,0,oralhealthgroup.com,legit
25,0,0,0.4615,0,0,arublo.fijibeekeepers.com,phishing
23,0,0,0.4138,0,0,studentenreisproduct.nl,legit
18,0,0,0.4348,0,0,mcecleanenergy.org,legit
8,0,0,0.2,0,0,hiby.com,legit
22,0,0,0.4167,0,0,piscinasyproductos.com,legit
16,0,0,0.381,0,0,dobbersports.com,legit
14,0,0,0.3529,0,0,airreserve.net,legit
17,0,0,0.4211,0,0,hcicolombo.gov.in,legit
16,3,0,0.2857,1,0,rajabotak141.xyz,legit
15,0,0,0.4,0,0,urochartehr.com,legit
14,0,0,0.4211,0,0,stormsedge.net,legit
23,0,0,0.4,0,0,innervisioncrystals.net,legit
20,3,0,0.2667,0,0,7d54cf.icefactory.cl,phishing
10,3,0,0.2857,0,0,reto777.co,legit
14,0,0,0.4211,0,0,jcvaonline.com,legit
13,0,0,0.4211,0,0,bemineland.ru,legit
11,0,0,0.4615,0,0,swiings.com,legit
13,1,1,0.3158,0,0,1xbet-site.co,legit
11,0,0,0.3529,0,0,cabaseku.jp,legit
19,0,0,0.381,0,0,infotechexpress.com,legit
15,0,0,0.4,0,0,francetoday.com,legit
14,0,0,0.4286,0,0,hailico.com.cn,legit
14,0,2,0.4,0,0,sai-zen-sen.jp,legit
15,0,0,0.5556,0,0,reallifemag.com,legit
32,0,2,0.3333,0,0,clone-whatsapp-nextjs.vercel.app,phishing
11,4,0,0.1667,0,0,r0g601p.com,legit
14,0,0,0.5333,0,0,infomatix.tech,legit
15,0,1,0.4,0,0,kit-tronics.net,legit
15,0,0,0.2857,0,0,smilebutiken.se,legit
25,0,3,0.4545,0,0,en-live--ledgre.pages.dev,phishing
8,0,0,0.2857,0,0,deely.ru,legit
17,0,0,0.0,0,0,www.roblox.com.am,phishing
12,1,0,0.3333,0,0,m2estudio.es,legit
15,0,0,0.4211,0,0,arenaromania.ro,legit
18,0,0,0.4545,0,0,littlegardenspa.vn,legit
16,0,0,0.3333,0,0,digitaltonto.com,legit
16,0,0,0.375,0,0,phimsexlife.blog,legit
15,0,0,0.25,0,0,cczoxicnwe.shop,legit
11,0,0,0.4,0,0,imgilall.me,legit
14,1,0,0.375,0,0,mantis2.com.au,legit
19,0,0,0.2727,0,0,hutsixdigital.co.uk,legit
18,0,0,0.4762,0,0,lbclightingpro.com,legit
18,0,0,0.5217,0,0,squattheplanet.com,legit
22,0,0,0.3636,0,1,login.referndrum.space,phishing
10,0,0,0.4615,0,0,bigboss.jp,legit
9,5,0,0.0,1,0,60865.xyz,phishing
13,0,0,0.375,0,0,promocodex.ru,legit
19,0,1,0.48,0,0,stalzone-monitor.ru,legit
19,0,0,0.3478,0,0,itsecuritynews.info,legit
12,0,0,0.4706,0,0,sandviks.com,legit
10,0,0,0.5,0,0,sciener.cn,legit
11,0,0,0.3077,0,0,greelly.com,legit
15,0,0,0.4,0,0,deaurora.com.my,legit
8,0,0,0.3636,0,0,earz.com,legit
10,0,0,0.4615,0,0,luggage.nu,legit
22,0,0,0.4545,0,0,elgallomasgallo.com.hn,legit
10,0,0,0.5,0,0,apelsin.su,legit
12,0,0,0.4444,0,0,ikazanets.ru,legit
24,0,0,0.3077,0,0,theglutenfreeblogger.com,legit
13,0,0,0.375,0,0,findsmiley.dk,legit
18,0,0,0.4,0,0,phoenixcollege.edu,legit
21,0,0,0.3478,0,0,playcloudservices.com,legit
14,0,0,0.4706,0,0,pokerstudio.uk,legit
31,4,0,0.2963,0,0,pemenangshopee7788.blogspot.com,phishing
17,0,0,0.3158,0,0,bijouxindiens.net,legit
13,0,0,0.4286,1,0,yaponskoe.xyz,legit
6,0,0,0.3333,0,0,rtc.cv,legit
13,0,0,0.4286,0,0,choralnet.org,legit
9,0,0,0.4,0,0,server.ro,legit
15,0,0,0.3529,0,0,catrinalabs.com,legit
7,0,0,0.3077,0,0,dice.pt,legit
10,0,0,0.4,0,0,bmtcad.com,legit
8,0,0,0.2,0,0,pixiv.me,legit
9,0,0,0.3333,0,0,flock.com,legit
16,0,0,0.3333,0,0,cagdassozluk.com,legit
13,0,0,0.4,0,0,vesglobal.org,legit
25,0,3,0.3636,0,0,en-us-dsk-ledgr.pages.dev,phishing
5,1,0,0.1818,0,0,3f.dk,legit
28,0,0,0.4375,0,0,strategicgrowthpartners.site,legit
36,1,2,0.303,0,0,prepared-salmon-cyd7dagr.edgeone.dev,phishing
14,0,0,0.2353,0,0,ktcloudcdn.com,legit
13,0,1,0.4444,0,0,isafe-net.com,legit
21,0,0,0.2963,0,0,athenaeumscheltema.nl,legit
14,0,1,0.4211,0,0,crisp-foam.com,legit
9,0,0,0.2667,0,0,rtveen.nl,legit
14,0,0,0.4615,0,0,theppra.org.za,legit
9,1,0,0.2857,0,0,p9.com.tw,legit
10,0,0,0.375,0,0,webakte.de,legit
10,2,0,0.1667,0,0,u76kyb.com,legit
18,0,0,0.2857,0,0,odjkopdj.pages.dev,phishing
11,0,0,0.375,0,0,rodovid.org,legit
13,0,0,0.5,0,0,infora.agency,legit
28,0,0,0.2857,0,1,facebookloginss.blogspot.com,phishing
16,0,1,0.3333,0,0,question-ksa.com,legit
11,0,0,0.4286,0,0,elliemd.com,legit
12,0,0,0.3333,0,0,desdelafe.mx,legit
14,0,1,0.2353,0,0,lordfilms-s.tv,legit
8,0,0,0.3333,0,0,kebco.co,legit
17,0,0,0.3158,0,0,globaldatalab.org,legit
13,9,0,0.0,1,0,889993679.xyz,legit
24,0,1,0.3448,0,0,clerkprod-cloudflare.net,legit
9,0,0,0.4,0,0,zarina.ua,legit
23,0,0,0.3478,0,0,colegiovizcainas.edu.mx,legit
8,0,0,0.3636,0,0,guess.cl,legit
13,0,0,0.3333,0,0,tigerchef.com,legit
28,7,0,0.2105,0,0,vmi3522209.contaboserver.net,phishing
16,0,0,0.4444,0,0,infopvirtual.com,legit
20,0,1,0.3846,0,0,bestattung-kroell.at,legit
9,0,0,0.5,0,0,nugget.ca,legit
11,1,0,0.4,0,0,dns6.gov.tt,legit
9,0,0,0.6,0,0,alice.org,legit
13,3,0,0.2222,0,0,shabu999s.net,legit
12,0,0,0.5714,0,0,signotec.com,legit
10,0,0,0.3077,0,0,youtube.lk,legit
13,1,0,0.3077,0,0,rohan2.global,legit
13,0,0,0.4615,0,0,ballda.online,legit
12,0,0,0.2857,0,0,wisegeek.com,legit
14,0,0,0.3158,0,0,watchmefly.net,legit
13,0,0,0.4444,0,0,pornblade.com,legit
44,0,3,0.3077,0,1,secure-email-portal-verification.edgeone.dev,phishing
11,0,0,0.4286,0,0,longdom.org,legit
11,0,0,0.3529,0,0,lakoshop.rs,legit
12,0,0,0.3529,0,0,mobiltna.com,legit
10,0,0,0.1667,0,0,wwf.org.hk,legit
25,0,1,0.381,0,0,ledger-liveusa.zapier.app,phishing
14,0,0,0.6667,0,0,esante.gouv.fr,legit
19,0,0,0.3333,0,0,columbiagasohio.com,legit
25,0,0,0.4286,0,0,nationalwindscreens.co.uk,legit
17,0,0,0.5263,0,0,onlinepianist.com,legit
15,0,0,0.4211,0,0,handballecke.de,legit
12,2,0,0.2667,0,0,member24.net,legit
14,0,0,0.4,0,0,luckycenter.nl,legit
13,0,0,0.5556,0,0,angeldear.com,legit
14,0,1,0.3,0,0,javan-music.ir,legit
23,0,0,0.3636,0,0,provedorspedynet.com.br,legit
13,0,1,0.375,0,0,on-divorce.fr,legit
15,1,0,0.4211,0,0,ca7careers.shop,legit
13,0,0,0.4,0,0,boyaagame.com,legit
13,0,0,0.3333,0,0,jawarauki.com,legit
13,0,0,0.25,0,0,extscloud.com,legit
44,6,3,0.2,0,0,ycgfn2ekqlo-msprqlos-4c3d2a-ycg33w.pages.dev,phishing
12,3,0,0.3529,0,0,mrbet888.com,legit
9,0,1,0.5,0,0,i-hunt.ca,legit
20,5,0,0.1818,0,0,30a787.icefactory.cl,phishing
13,5,0,0.1333,0,0,w8289vvi4.com,legit
11,1,1,0.3077,0,0,vps-vs1.com,legit
11,0,0,0.375,0,0,dexatel.com,legit
14,0,0,0.4444,0,0,pornobolt.mobi,legit
13,2,0,0.4,1,0,moon61mes.top,legit
16,0,0,0.381,0,0,heartkrafted.com,legit
13,0,0,0.3333,0,1,securepim.com,legit
10,0,0,0.375,0,0,picflow.io,legit
20,0,0,0.3,0,0,yellowdooreats.co.uk,legit
10,0,0,0.4286,0,0,zwieger.pl,legit
19,0,2,0.3333,0,0,bet-winner-live.com,legit
9,0,0,0.3636,0,0,venmo.com,legit
19,0,1,0.4167,0,0,altitude-sports.com,legit
17,0,0,0.3,0,0,belleandblush.com,legit
32,3,1,0.2581,0,0,formulariorapido144-ai.github.io,phishing
10,0,0,0.4,0,0,akak.space,legit
23,0,0,0.32,0,0,localfoodconnect.org.au,legit
6,1,0,0.1667,0,0,cc0.cn,legit
11,0,0,0.4615,0,0,molbase.net,legit
16,0,0,0.4,0,0,albaeditorial.es,legit
21,0,1,0.3077,0,0,blox-fruitscripts.com,legit
13,0,0,0.4,0,0,lootcrate.com,legit
13,0,0,0.3333,0,0,nerdywave.com,legit
18,0,0,0.2857,0,0,litchfieldcavo.com,legit
7,0,0,0.4,0,0,heol.hu,legit
25,0,0,0.2963,0,0,flordecactoconcept.com.br,legit
10,0,0,0.375,0,0,harkhan.ir,legit
31,0,2,0.3571,0,0,eng-ledgerlive-downld.pages.dev,phishing
11,0,0,0.375,0,0,univair.com,legit
11,0,0,0.6154,0,0,cpasmal.rip,legit
18,0,0,0.4167,0,0,taschengelddieb.de,legit
22,0,0,0.2963,0,0,oklahomafarmreport.com,legit
13,0,0,0.6154,0,0,nonstop.co.il,legit
14,0,0,0.375,0,0,didiglobal.com,legit
37,8,4,0.1667,0,0,2g1ve-ff0uyf-3zt5la-343-trn.pages.dev,phishing
13,0,0,0.4211,0,0,sychrovnet.cz,legit
9,0,0,0.4444,0,0,bay.co.th,legit
15,0,1,0.4762,0,0,mir-stalkera.ru,legit
30,0,0,0.2857,0,0,biblicalcounselinginsights.com,legit
14,0,0,0.4,0,0,feniralstat.us,phishing
28,0,0,0.2424,0,0,redbulltrackclubpakistan.com,legit
9,0,0,0.4286,0,0,mdsol.com,legit
40,0,0,0.3333,0,0,globalproseoleadgenerationpromotion.shop,legit
10,0,0,0.4615,0,0,nvprint.ru,legit
8,0,0,0.5455,0,0,baagl.de,legit
11,0,0,0.375,0,0,daicome.com,legit
8,1,0,0.3077,0,0,c2es.org,legit
13,0,0,0.5263,0,0,maximomoto.pt,legit
17,0,0,0.3529,0,0,worldmemory.co.kr,legit
14,0,0,0.4211,0,0,databrasil.net,legit
18,0,1,0.4,0,0,mindstudio-api.com,legit
22,0,1,0.3571,0,0,mh-gartengestaltung.de,legit
11,1,1,0.25,1,0,nm-cdn7.top,legit
12,0,0,0.4706,0,0,killstar.com,legit
16,0,0,0.375,0,0,faccebook.com.vn,phishing
16,0,0,0.4444,0,0,battlenet.com.cn,legit
12,2,0,0.3077,0,0,lemb90bn.com,legit
9,0,1,0.3636,0,0,cn-gp.com,legit
18,1,0,0.2,0,0,dbsporxxxw1box.com,legit
20,4,0,0.1333,0,0,bc7506.icefactory.cl,phishing
10,2,0,0.3636,0,0,care26.com,legit
34,6,1,0.3125,0,0,verication-casefb562291.vercel.app,phishing
23,0,0,0.4286,0,0,stimulusadvertising.com,legit
11,0,0,0.4286,0,0,pokazuha.ru,legit
15,0,0,0.4286,0,0,prodamus.online,legit
13,0,0,0.3077,0,0,clocky.com.ar,phishing
10,0,0,0.2667,0,0,dirimg.com,legit
11,0,0,0.3636,0,0,barc.gov.in,legit
10,0,0,0.3333,0,0,sdcity.edu,legit
16,0,0,0.5263,0,0,bilzenhoeselt.be,legit
16,0,0,0.3529,0,0,happycarsusa.com,legit
9,0,0,0.6667,0,0,indors.it,legit
11,0,0,0.25,0,0,hxchess.com,legit
24,0,0,0.381,0,0,geniusnaledi.netlify.app,phishing
8,0,0,0.4,0,0,dalap.sk,legit
13,2,0,0.4286,0,0,xnxxapp04.com,legit
18,0,0,0.3,0,0,sosyalhalisaha.com,legit
14,0,0,0.5,0,0,zalando.online,legit
16,0,0,0.4444,0,0,sportsdigita.com,legit
13,0,0,0.4286,0,0,hospiway.info,legit
10,0,0,0.4,0,0,enet.vn.ua,legit
29,2,0,0.3636,0,1,instagramlogin77.blogspot.com,phishing
29,3,0,0.2222,0,0,ps0bdkv8fnmudfd7ij.vercel.app,phishing
18,2,0,0.0,0,0,xwu5qq3v.pages.dev,phishing
10,0,0,0.3333,0,0,oopbuy.com,legit
18,0,0,0.4444,0,0,growershouse.co.uk,legit
20,0,0,0.4348,0,0,palaciodelblumer.com,legit
11,0,1,0.4286,0,0,ram-rho.com,legit
20,0,0,0.4348,0,0,lifechronicles.co.uk,legit
15,0,0,0.4444,0,0,houcalendar.com,legit
14,0,2,0.375,0,0,mc-int-dns.org,legit
13,0,0,0.4444,0,0,curiocity.com,legit
15,0,1,0.3529,0,0,hotel-roma.info,legit
10,0,0,0.4444,0,0,page.place,legit
9,0,0,0.5,0,0,radios.hr,legit
10,0,0,0.375,0,0,betaset.fr,legit
16,0,0,0.4,0,0,city.kawasaki.jp,legit
21,0,0,0.4286,0,0,hbabyaqq.blogspot.com,phishing
14,0,0,0.4,0,0,pairedlife.com,legit
12,0,1,0.3333,0,0,agama-sex.cz,legit
14,0,0,0.375,0,0,bbipjqiaqy.cfd,legit
20,0,0,0.3077,0,0,foodservicedirect.us,legit
21,0,2,0.32,0,0,elite-cars-leasing.ro,legit
8,0,0,0.4286,0,0,datev.it,legit
6,0,0,0.1667,0,0,mmv.kr,legit
12,0,0,0.5333,0,0,alimebot.com,legit
12,0,0,0.4286,0,0,senet.online,legit
18,0,0,0.381,0,0,protradingroom.com,legit
20,0,3,0.3478,0,0,fairy-tail-jut-su.ru,legit
14,0,0,0.4211,0,0,cyrexstore.com,legit
17,0,0,0.5,0,0,domainshosting.gr,legit
12,3,0,0.1538,0,0,158jixie.com,legit
10,0,0,0.4,0,0,nbtsay.com,legit
9,0,0,0.5333,0,0,cicero.de,legit
9,0,0,0.3077,0,0,dawn.wine,legit
17,0,0,0.3478,0,0,novatechvector.nl,legit
21,0,1,0.3846,0,0,commander-systems.com,legit
12,0,1,0.2667,0,0,trifon-mg.ru,legit
16,0,0,0.4,0,0,thelockerroom.uk,phishing
25,0,0,0.2857,0,0,firefighterclosecalls.com,legit
9,0,0,0.5,0,0,photar.ru,legit
13,0,0,0.2667,0,0,medmed.com.cn,legit
15,0,0,0.4444,0,0,gamblineers.com,legit
13,0,0,0.4,0,1,signin.broker,phishing
20,6,0,0.0,0,0,236502.icefactory.cl,phishing
35,0,5,0.3226,0,0,en-ledgr--desktop-io-legr.pages.dev,phishing
12,0,0,0.4,0,0,elephorm.com,legit
12,0,0,0.1818,0,0,belfix.co.uk,legit
14,0,0,0.5,0,0,axafundusze.pl,legit
12,0,0,0.3529,0,0,teamwork.com,legit
8,2,0,0.1429,0,0,fkk24.de,legit
15,3,0,0.375,1,0,casino373q.buzz,legit
19,0,0,0.3333,0,0,askindenizcilik.com,legit
15,0,0,0.3158,0,0,helmetracing.in,legit
7,0,0,0.4444,0,0,ono.com,legit
20,0,2,0.381,0,0,hotels-in-naples.com,legit
8,0,0,0.3636,0,0,jpmob.jp,legit
18,0,0,0.2857,0,0,bbkperformance.com,legit
15,0,0,0.4,0,0,pistonheads.com,legit
17,0,0,0.1111,0,0,khdhdjyfdjhy.info,legit
15,0,0,0.4444,0,0,gobbledygook.uk,phishing
9,0,0,0.2857,0,0,zgjct.com,legit
9,0,1,0.2,0,0,ws-gp.com,legit
14,3,0,0.3158,0,0,c807xpress.com,legit
14,0,0,0.375,0,0,harvardjol.com,legit
16,0,0,0.4211,0,0,sultraprov.go.id,legit
15,0,0,0.4,0,0,knowderland.com,legit
11,0,0,0.4,0,0,ameli.co.kr,legit
9,1,0,0.1333,0,0,budu5v.ru,legit
19,0,0,0.3333,0,0,hyperters.github.io,phishing
12,0,0,0.5,0,0,persgroep.be,legit
11,0,0,0.4615,0,0,pleiades.io,legit
9,0,0,0.2857,0,0,rutrk.org,legit
16,0,0,0.4,0,0,bikeology.com.au,legit
12,0,0,0.4286,0,0,cpnorton.com,legit
10,3,0,0.0,0,0,567kbv.com,legit
15,0,0,0.4706,0,0,baykalodeme.com,legit
16,0,0,0.4762,0,0,punterplanet.com,legit
23,0,1,0.4138,0,0,assistance-juridique.ca,legit
18,0,0,0.5,0,0,cgtransport.gov.in,legit
8,0,0,0.3333,0,0,xdigr.cz,legit
22,0,1,0.3704,0,0,careem-engineering.com,legit
12,0,0,0.4706,0,0,bitpanel.vip,legit
20,0,0,0.4,0,0,compassassociate.com,legit
6,0,0,0.25,0,0,bi.edu,legit
11,0,0,0.5,0,0,alogent.com,legit
11,0,0,0.5,0,0,pulsepx.com,legit
11,0,0,0.3529,0,0,quotenet.nl,legit
13,3,0,0.375,0,0,lord279eo.mom,legit
22,0,0,0.32,0,0,topsurreycareers.co.uk,legit
10,0,1,0.4286,0,0,alag-in.jp,legit
11,0,0,0.4615,0,0,playtime.ph,legit
6,0,0,0.25,0,0,max.se,legit
11,0,0,0.4615,0,0,naplopok.hu,legit
10,6,0,0.0,0,0,881903.com,legit
13,0,0,0.4211,0,0,freelancer.sg,legit
7,0,0,0.25,0,0,asm.org,legit
19,0,0,0.3333,0,0,poundingtherock.com,legit
13,3,0,0.2667,0,0,yyrrp646m.com,legit
11,0,0,0.2222,0,0,hopi.com.tr,legit
11,0,0,0.4615,0,0,kallyas.net,legit
9,0,0,0.4,0,0,scouts.ca,legit
10,3,0,0.1818,0,0,o3m5p7.com,legit
13,0,1,0.2667,0,0,ueno-mori.org,legit
15,0,0,0.4706,0,0,mangoreport.com,legit
15,0,1,0.3333,0,0,vtb-leasing.com,legit
10,1,0,0.375,0,0,r7store.id,legit
17,0,0,0.3158,0,0,porttarragona.cat,legit
17,0,1,0.7826,0,0,ayto-santander.es,legit
16,0,0,0.3529,0,0,shoutout.wix.com,phishing
22,0,0,0.3571,0,0,vanhoofuitvaartzorg.be,legit
13,9,0,0.0,1,0,889993363.xyz,legit
10,0,0,0.375,0,0,hangjam.ai,legit
23,0,1,0.3448,0,0,aachener-nachrichten.de,legit
12,0,0,0.4,0,0,calibour.com,legit
10,0,0,0.3333,0,0,gkhural.ru,legit
9,0,0,0.4,0,0,petco.com,legit
25,0,0,0.2963,0,0,underwaterphotography.com,legit
16,0,0,0.4444,0,0,moonpaycloud.com,legit
11,0,0,0.5,0,0,fygsoft.com,legit
7,0,0,0.4615,0,0,stin.cc,legit
18,3,0,0.3478,0,0,911interactive.com,legit
40,0,3,0.303,0,1,secure-ledgrolive-us-learn.typedream.app,phishing
20,0,0,0.3333,0,0,guiavilavelha.com.br,legit
11,0,0,0.2222,0,0,clii.com.cn,legit
18,0,1,0.3478,0,0,catholic-pages.com,legit
23,0,0,0.4615,0,0,payment.gobbledygook.uk,phishing
20,0,0,0.2727,0,0,brightersuper.com.au,legit
11,3,0,0.125,0,0,jfhu844.com,legit
16,0,0,0.375,0,0,benuatotob.store,legit
30,5,0,0.1818,0,0,rk736emkhm5c2.stellarspace.cfd,phishing
20,0,1,0.3077,0,0,webimbiss-domains.de,legit
14,0,0,0.4211,0,0,uzmanparca.com,legit
15,0,0,0.375,0,0,meadowcore.tech,legit
13,0,0,0.4286,0,0,sexplayed.com,legit
10,0,0,0.25,0,0,esi.com.ua,legit
14,0,1,0.3158,1,0,doeda-sown.xyz,legit
11,0,0,0.4,0,0,squibler.io,legit
19,0,0,0.4,0,0,magiccasinoworld.nl,legit
22,3,1,0.2857,0,0,ryan237-hash.github.io,phishing
12,0,0,0.4444,0,0,autocarmy.ru,legit
34,7,4,0.2424,0,0,0ath-2cu2n-fzd-z795c-i7y.pages.dev,phishing
9,1,1,0.1429,0,0,4d-dc.com,legit
17,0,0,0.375,0,0,outershoes.com.br,legit
11,0,0,0.4615,0,0,sportra.app,legit
14,0,0,0.4,0,0,misterminit.eu,legit
12,0,0,0.4706,0,0,palantir.net,legit
15,0,1,0.3333,0,0,haag-streit.com,legit
14,3,0,0.25,0,0,lf84dnsr8d.cfd,legit
18,0,0,0.4,0,0,monsieurgeorge.com,legit
14,0,0,0.3158,0,0,tracksolid.com,legit
11,0,0,0.4286,0,0,inbgroup.pl,legit
36,8,4,0.1143,0,0,90j-uvez2-k7d1-pxkim8-c1m5.pages.dev,phishing
22,0,0,0.3704,0,0,discoveryinsurance.com,legit
24,0,2,0.381,0,0,en-ledger-apps.pages.dev,phishing
6,0,0,0.4444,0,0,nsi.ru,legit
7,0,0,0.4,0,0,wlpo.jp,legit
17,0,0,0.0,0,0,www.roblox.com.bn,phishing
19,0,0,0.5833,0,0,saintkaterikofc.org,phishing
13,0,0,0.3333,0,0,abcbourse.com,legit
13,0,0,0.4444,0,0,geisinger.org,legit
10,0,0,0.4615,0,0,hostdon.jp,legit
14,0,0,0.4706,0,0,logitgroup.com,legit
12,0,1,0.5714,0,0,gnu-host.net,legit
9,3,0,0.1667,0,0,hs69i5.cn,legit
21,0,1,0.32,0,0,spolehlive-servery.cz,legit
10,0,0,0.4615,0,0,yaklass.ru,legit
11,0,0,0.4286,0,0,lopinion.fr,legit
12,0,0,0.3333,0,0,miyama.lg.jp,legit
10,0,0,0.1667,0,0,fdc.com.cn,legit
12,0,0,0.3333,0,0,watchtime.in,legit
9,0,0,0.4615,0,0,gamers.de,legit
14,0,0,0.4,0,0,codescoring.ru,legit
14,0,0,0.375,0,0,nicepigeon.com,legit
10,0,0,0.2857,0,0,mfjko.info,legit
13,0,0,0.3333,0,0,freddybot.com,legit
19,0,0,0.32,0,0,dailybonuschoice.uk,legit
14,0,0,0.5,0,0,fakturirane.bg,legit
8,0,0,0.2222,0,0,wedi.net,legit
42,1,2,0.2632,0,0,facebook-verification-system3.blogspot.com,phishing
12,0,0,0.4286,0,0,indiantw.com,legit
21,0,0,0.4348,0,0,francocantimes.online,phishing
12,0,0,0.2857,0,0,zhizhuip.com,legit
11,0,0,0.4615,1,0,wtgplay.xyz,legit
17,0,1,0.4348,0,0,arcanite-infra.ch,legit
18,2,0,0.2667,0,0,mikegm19.github.io,phishing
18,0,0,0.3158,0,0,rhrealitycheck.org,legit
10,0,1,0.2,0,0,z-lib.best,legit
15,0,0,0.4,0,0,alphabrands.one,legit
16,0,0,0.4706,0,0,lojaspompeia.com,legit
31,0,2,0.3571,0,0,conect-ledgrcom-guide.pages.dev,phishing
9,0,0,0.3636,0,0,yodev.net,legit
19,0,0,0.4,0,0,americanairlines.cl,legit
11,0,0,0.2857,0,0,stylight.at,legit
16,0,0,0.381,0,0,myccmortgage.com,legit
15,0,0,0.3,0,0,hempiregame.net,legit
18,0,0,0.2609,0,0,fabrikabaskida.com,legit
21,0,0,0.3846,0,0,floridahomefinder.com,legit
6,0,0,0.2857,0,0,cp.net,legit
39,0,0,0.0,0,1,www.instagramsupportverify.blogspot.com,phishing
16,0,0,0.5263,0,0,tallmenshoes.com,legit
20,0,0,0.3077,0,0,medicaldictionary.ru,legit
6,1,0,0.2222,0,0,4th.kr,legit
7,0,0,0.1538,0,0,mwuu.cc,legit
13,0,1,0.4,0,0,india-pay.net,legit
27,0,0,0.3478,0,1,facebookloginf.blogspot.com,phishing
14,0,0,0.4706,0,0,axainwestuj.pl,legit
17,0,1,0.3636,0,0,mtu-solutions.com,legit
18,0,1,0.3077,0,0,basil-kt.github.io,phishing
10,0,0,0.3333,0,0,xfzyxl.com,legit
14,0,0,0.3333,0,0,almashhad.news,legit
12,0,0,0.3529,0,0,russlyon.com,legit
20,2,0,0.1818,0,0,bc4e2b.icefactory.cl,phishing
12,1,0,0.1429,0,0,z9uwijiy.com,legit
20,5,0,0.0,0,0,200b30.icefactory.cl,phishing
7,0,0,0.1538,0,0,ucdb.br,legit
7,0,0,0.3333,0,0,tdw.com,legit
14,0,0,0.3158,0,0,betifybett.com,legit
11,0,0,0.3077,0,0,latisys.net,legit
15,0,0,0.3333,0,0,liteservice.net,legit
13,0,0,0.3529,0,0,raidrush.info,legit
8,0,0,0.1538,0,0,wkdq.com,legit
23,0,1,0.4,0,0,eu-ledgrlives.pages.dev,phishing
13,0,0,0.3333,0,0,haosuzhou.net,legit
14,0,0,0.375,0,0,toonopedia.com,legit
13,0,0,0.625,0,0,hipposport.de,legit
16,0,0,0.381,0,0,hondaeforums.com,legit
15,0,1,0.3529,0,0,anywheel-oo.com,legit
17,0,0,0.3333,0,0,fardavida.monster,legit
14,0,0,0.4706,0,0,westgroupe.com,legit
28,0,3,0.32,0,0,desktp-ledgr--live.pages.dev,phishing
9,0,0,0.3333,0,0,webnet.fr,legit
14,0,0,0.375,0,0,everylinks.com,legit
16,2,2,0.2857,0,0,awsdns-cn-11.biz,legit
18,1,0,0.4211,0,0,zee7industrys.shop,legit
10,0,0,0.4615,0,0,klyver.cfd,legit
7,0,0,0.2,0,0,udsu.ru,legit
14,0,0,0.3529,0,0,portomenaje.cl,legit
14,1,0,0.4,0,0,rpvip3tech.com,legit
14,0,0,0.4286,0,0,novalar.com.br,legit
10,0,0,0.375,0,0,morecon.jp,legit
8,2,0,0.2222,0,0,k20a.org,legit
9,0,1,0.3636,0,0,i-teh.com,legit
16,3,0,0.2222,0,0,velkigames365.cc,legit
19,0,0,0.3636,0,0,londonbingoworks.uk,legit
10,0,0,0.5,0,0,adcint.net,legit
19,0,1,0.4167,0,0,cartoon-xxxtube.com,legit
14,0,0,0.3529,0,0,hauction.co.kr,legit
11,0,0,0.375,0,0,josporn.com,legit
18,0,0,0.4,0,0,terrapalacebase.nl,legit
9,0,0,0.2857,0,0,ducks.tel,legit
18,0,0,0.4762,0,0,realmarenaprox.com,legit
11,0,0,0.5333,0,0,icrown.asia,legit
18,0,1,0.3636,0,0,omni-commerce.info,legit
22,0,0,0.4286,0,0,redefiningstandards.eu,legit
21,0,0,0.2609,0,0,oldnewspublishing.com,legit
13,0,1,0.4211,0,0,just-sound.de,legit
28,0,0,0.2857,0,1,facebooklogincc.blogspot.com,phishing
16,0,1,0.4211,0,0,epikur-portal.de,legit
13,0,0,0.375,0,0,pauddasmen.id,legit
11,0,0,0.4615,0,0,prismapp.io,legit
20,0,0,0.3636,0,0,vincentvacations.com,legit
22,0,0,0.2963,0,0,europetranslations.net,phishing
16,0,0,0.381,0,0,lovesconnect.com,legit
13,0,0,0.2857,0,0,skybr.digital,legit
15,0,1,0.381,0,0,onlayn-radio.ru,legit
26,0,0,0.3077,0,0,slotsinsightdailyhub.co.uk,legit
13,0,0,0.2857,0,0,egytbest.live,legit
7,0,0,0.6,0,0,itot.ru,legit
19,0,1,0.381,0,0,shotzcasinos-fi.com,legit
14,1,0,0.4706,0,0,esc2ndrm.space,legit
11,0,0,0.4286,0,0,simontok.vu,legit
10,0,0,0.3333,0,0,topgim.com,legit
9,0,0,0.6667,0,0,nghost.fr,legit
13,2,0,0.1429,0,0,hoakzjc03.com,legit
8,0,0,0.4286,0,0,kmooc.kr,legit
11,0,0,0.3636,0,0,myaxa.co.uk,legit
21,0,0,0.3478,0,0,insolvencynotices.com,legit
20,5,0,0.1333,0,0,273f12.icefactory.cl,phishing
9,0,0,0.3333,0,0,lwldns.de,legit
9,0,0,0.1818,0,0,imgku.vip,legit
23,0,0,0.3571,0,0,briggsstrattonstore.com,legit
16,0,0,0.4762,0,0,amenitydream.com,legit
10,0,0,0.5,0,0,adl.edu.tw,legit
26,0,0,0.3226,0,0,professionalchiptuning.net,legit
16,0,0,0.4444,0,0,poormichelle.com,legit
25,0,2,0.3636,0,0,en-usdesk-ledgr.pages.dev,phishing
20,0,0,0.4615,0,0,stolarstvonamieru.sk,legit
17,0,0,0.4211,0,0,institutedata.com,legit
13,0,0,0.3333,0,0,eotica.com.br,legit
15,0,0,0.4762,0,0,comicscorner.it,legit
9,0,0,0.2,0,0,luzia.com,legit
19,0,0,0.2857,0,0,karavalimunjavu.com,legit
16,0,1,0.5,0,0,ring-stone.co.jp,legit
9,0,0,0.3636,0,0,fiscal.es,legit
14,0,0,0.3077,0,0,heybaji.online,legit
13,0,0,0.375,0,0,shorewall.org,legit
10,0,0,0.2222,0,0,vweb.co.za,legit
7,0,0,0.3077,0,0,blic.rs,legit
23,0,0,0.3077,0,0,brightgamingplatform.nl,legit
11,0,0,0.5,0,0,asangem.com,legit
9,0,0,0.4286,0,0,sugar.org,legit
15,0,0,0.3529,0,0,whichcar.com.au,legit
11,3,0,0.3077,0,0,bone789.fun,legit
28,0,3,0.4,0,0,en-live-ledgre-emn.pages.dev,phishing
25,0,0,0.2857,0,0,clearblackjackstation.com,legit
10,0,0,0.4615,0,0,xgfleet.eu,legit
31,0,3,0.3571,0,0,device-ledgr--desktop.pages.dev,phishing
15,0,0,0.4706,0,0,adexperu.edu.pe,legit
17,3,0,0.3158,1,0,blackbull789.buzz,legit
14,0,0,0.4,0,0,mycareernet.co,legit
10,0,0,0.4615,0,0,forseti.is,legit
23,0,0,0.3571,0,0,windhamnewhampshire.com,legit
9,0,0,0.4,0,0,pentax.eu,legit
9,0,0,0.6667,0,0,pwhost.de,legit
11,0,0,0.375,0,0,stackit.com,legit
7,0,0,0.3333,0,0,ran.org,legit
26,0,2,0.25,0,0,wildpark-schwarze-berge.de,legit
15,1,0,0.3333,0,0,india4ticket.in,legit
25,3,1,0.2963,0,0,serving-technology003.com,legit
35,0,0,0.3571,0,1,instagramsupportverify.blogspot.com,phishing
14,0,0,0.5,0,0,audiodosit.com,legit
10,0,0,0.2857,0,0,nexux.site,legit
23,0,0,0.4286,0,0,cupcakesandcashmere.com,legit
11,0,0,0.2857,0,0,oborniki.pl,legit
11,0,0,0.2857,0,0,koebhund.dk,legit
9,0,0,0.3636,0,0,hjdns.net,legit
15,0,0,0.4444,0,0,filterforge.com,legit
17,0,0,0.3636,0,0,thegamereview.org,legit
14,0,0,0.4211,0,0,drollmotes.com,legit
20,5,0,0.1333,0,0,38196c.icefactory.cl,phishing
10,0,0,0.2857,0,0,redbull.sn,legit
13,0,0,0.4,0,0,pakoworld.com,legit
12,4,0,0.3077,0,0,m5f0p43p.com,legit
17,0,0,0.4,0,0,londoncoingate.uk,legit
10,0,0,0.3333,0,0,tdu.edu.vn,legit
14,4,0,0.2667,0,0,social1776.com,legit
37,8,4,0.1212,0,0,whg9d-pbzq-b52s-wd7458-x0wg.pages.dev,phishing
11,0,0,0.5,0,0,satyrra.com,legit
12,0,0,0.2222,0,0,fedi.monster,legit
20,2,0,0.5,0,0,overhole70.github.io,phishing
16,0,0,0.3158,0,0,karmaayurveda.in,legit
17,0,0,0.0,0,0,www.roblox.com.bi,phishing
11,7,0,0.0,0,0,8440789.com,legit
8,0,0,0.3636,0,0,webge.fr,legit
13,0,0,0.2222,0,0,bubudoufu.com,legit
10,0,0,0.3333,0,0,okdesk.com,legit
18,0,0,0.3478,0,0,highlandscable.net,legit
9,0,0,0.3636,0,0,sbgtv.com,legit
17,0,1,0.3636,0,0,konstanz-info.com,legit
13,0,1,0.3636,0,0,ad-oil.com.ua,legit
19,0,0,0.5,0,0,sugarandsparrow.com,legit
18,0,0,0.3529,0,0,expediataap.com.au,legit
9,0,0,0.4,0,0,mybiat.tn,legit
14,0,0,0.4211,0,0,tndueaqzjk.net,legit
18,0,0,0.5217,0,0,arnoldrenderer.com,legit
6,0,0,0.1667,0,0,bmw.az,legit
21,0,0,0.3636,0,0,guest.gobbledygook.uk,phishing
12,0,0,0.4706,0,0,aksaxena.com,legit
32,0,3,0.3571,0,0,crypto-ledgr-logn-live.pages.dev,phishing
13,0,0,0.3529,0,0,hackerwars.io,legit
22,1,0,0.3704,0,0,unity3dusercontent.com,legit
12,0,0,0.4444,0,0,metpromko.kg,legit
10,0,0,0.4615,0,0,regnow.com,legit
13,4,0,0.4211,0,0,mrsolo5323.ir,legit
9,1,0,0.3077,0,0,d4sell.ir,legit
12,0,0,0.4286,0,0,vapoteuse.fr,legit
20,1,0,0.3636,0,0,bf9aef.icefactory.cl,phishing
10,0,0,0.3333,0,0,avbokep.cc,legit
20,0,0,0.32,0,0,homemoroccanrugs.com,legit
10,0,0,0.3333,0,0,bobrex.now,legit
13,0,0,0.3333,0,0,figlia.com.ph,legit
10,4,0,0.3077,0,0,04ao88.com,legit
18,0,0,0.4,0,0,pampersrewards.com,legit
21,0,0,0.3846,0,0,driverscollection.com,legit
16,0,0,0.4444,0,0,ewaypayments.com,legit
11,0,0,0.2857,0,0,ttpforum.de,legit
10,0,0,0.1818,0,0,ribili.com,legit
8,0,0,0.3077,0,0,znak.com,legit
12,0,0,0.6,0,0,rappi.com.co,legit
10,2,0,0.2667,0,0,spd88c.com,legit
16,0,1,0.5714,0,0,standart-dns.com,legit
8,0,0,0.3636,0,0,hoeco.at,legit
13,0,0,0.5263,0,0,vetandlife.ru,legit
35,3,2,0.2,0,0,tubular-zuccutto-4a99cf.netlify.app,phishing
14,0,0,0.4211,0,0,quickstart.com,legit
9,0,0,0.3636,0,0,mdlr.tech,legit
13,3,0,0.0,0,0,www.j132l.vip,phishing
18,0,0,0.381,0,0,goldenpulsebase.nl,legit
16,0,0,0.375,0,0,teleleste.net.br,legit
8,0,0,0.3636,0,0,kidsy.co,legit
14,0,0,0.3158,0,0,dnsdynamic.com,legit
13,0,0,0.4615,0,0,karamel.co.il,legit
18,1,0,0.2857,0,0,job4freshers.co.in,legit
8,0,0,0.3077,1,0,tfla.xyz,legit
14,0,0,0.5,0,0,grandeagle.org,legit
8,1,0,0.4,0,0,ipv6.one,legit
20,0,0,0.4211,0,0,pactosolucoes.com.br,legit
31,5,4,0.2581,0,0,xn--80aaaoea1ebkq6dxec.xn--p1ai,legit
9,0,0,0.4444,0,0,fpln.site,legit
20,0,1,0.24,0,0,councilbluffs-ia.gov,legit
12,0,0,0.4286,0,0,gstoyota.com,legit
14,3,0,0.375,0,0,nt4lwst7f9.cfd,legit
10,0,0,0.3333,0,0,rbcode.net,phishing
27,0,2,0.4348,0,0,eng-doc-ledgrlive.pages.dev,phishing
9,1,1,0.3333,0,0,lah-a2.de,legit
29,2,0,0.2963,0,0,k20mdqylhqdeicqury.vercel.app,phishing
12,0,0,0.2857,0,0,gizmovzw.com,legit
9,0,0,0.5,0,0,zerlo.net,legit
25,0,2,0.4545,0,0,donw-load-ledgr.pages.dev,phishing
9,1,0,0.1429,0,0,kw5fx.com,legit
15,0,0,0.3333,0,0,elorengiyim.com,legit
9,0,0,0.4,0,0,calmu.edu,legit
18,2,0,0.1429,0,0,oxqxbk60.pages.dev,phishing
20,2,0,0.3478,0,0,julianoalvaroz12.com,legit
45,6,3,0.1951,0,0,pynkj7agpxo-wlzgbmja-5p8m0c-pynk96c.pages.dev,phishing
15,0,0,0.3529,0,0,doubleclick.net,legit
13,0,0,0.4444,0,0,sportdata.org,legit
12,0,0,0.4,0,0,muepetro.com,legit
10,0,0,0.25,0,0,audibkk.de,legit
13,0,0,0.3333,0,0,superfuli.com,legit
9,0,0,0.3636,0,0,mega.page,legit
19,0,0,0.2727,0,0,punjabimoviez.space,legit
12,0,0,0.4286,0,0,debenvale.uk,phishing
23,0,0,0.3333,0,0,moderndigitalblog.co.uk,legit
15,0,0,0.4,0,0,reaganudall.org,legit
14,0,0,0.4444,0,0,cablevision.at,legit
16,3,0,0.4,0,0,casino072.online,legit
17,0,0,0.3636,0,0,cardiffcastle.com,legit
14,5,0,0.25,0,0,refpa67696.com,legit
20,0,0,0.3846,0,0,atraccionenlazona.mx,legit
18,0,0,0.375,0,0,georisques.gouv.fr,legit
15,0,0,0.4,0,0,rentpayment.com,legit
9,0,0,0.3333,0,0,evozi.com,legit
15,0,1,0.4444,0,0,emploi-store.fr,legit
10,0,0,0.375,0,0,searchy.us,legit
8,0,0,0.4615,0,0,wtae.com,legit
18,0,0,0.3478,0,0,switchboardcms.com,legit
7,0,0,0.4,0,0,bigl.ua,legit
14,0,0,0.4706,0,0,planetahost.ru,legit
13,0,0,0.4211,0,0,gatedsweep.ru,legit
13,0,0,0.375,0,0,boozebuddy.de,legit
11,0,0,0.3529,0,0,behemoth.pl,legit
14,0,0,0.25,0,0,qudobeauty.com,legit
11,0,0,0.4,0,0,iusm.edu.ar,legit
12,1,0,0.2857,0,0,coc2arab.com,legit
9,0,0,0.2857,0,0,coryd.dev,legit
19,0,1,0.3478,0,0,stilles-oertchen.de,phishing
15,0,0,0.5882,0,0,playplayfun.com,legit
13,0,0,0.5333,0,0,transport.cat,legit
20,0,0,0.3636,0,0,srichinmoycentre.org,legit
14,0,0,0.5,0,0,constel.net.br,legit
28,0,0,0.0,0,0,www.pastijosjis.blogspot.com,phishing
11,0,0,0.4286,0,0,ororo.co.kr,legit
11,0,0,0.375,0,0,narcity.com,legit
9,0,0,0.4,0,0,pixil.art,legit
13,0,0,0.4,0,0,carpartas.com,legit
41,2,4,0.3,0,0,sp12ct-zelmor-biz-fradek-lormik.pages.dev,phishing
15,0,0,0.5,0,0,anzenberger.com,legit
15,0,0,0.4211,0,0,hofmeister.shop,legit
12,0,0,0.3529,0,0,sexarbda.com,legit
9,0,0,0.3333,0,0,arwrk.net,legit
9,2,0,0.2,0,0,pub88.fyi,legit
11,0,0,0.375,0,0,eszoneo.com,legit
9,0,0,0.2857,0,0,ruufe.com,legit
14,0,0,0.4,0,0,emmarelief.com,legit
31,1,0,0.3077,0,0,cookingwithsoniaweb3.vercel.app,phishing
25,0,0,0.4,0,0,blackandbluedirectory.com,legit
12,0,0,0.3077,0,0,massbike.org,legit
12,0,0,0.4286,0,0,lusainfo.com,legit
10,0,0,0.3636,0,0,tovala.com,legit
10,0,0,0.3333,0,0,frogdr.com,legit
8,0,0,0.4444,0,0,apog.com,legit
14,0,0,0.3158,0,0,thetoyshop.com,legit
12,0,0,0.4615,0,0,alpsview.com,legit
12,1,0,0.4286,0,0,1toplayn.com,legit
13,0,1,0.375,0,0,osaka-u.ac.jp,legit
20,0,0,0.48,0,0,floridapanhandle.com,legit
14,0,0,0.3529,0,0,movetech.co.ke,legit
13,0,0,0.4706,0,0,autoline.link,legit
11,3,0,0.3077,0,0,wl500g.info,legit
38,7,4,0.2162,0,0,1yvg-21tct-muh901-doxs-t1lgi.pages.dev,phishing
28,0,0,0.303,0,0,virginiabeachattractions.net,legit
12,0,0,0.4,0,0,colorwise.me,legit
15,0,0,0.381,0,0,bearrobotics.ai,legit
25,0,0,0.3704,0,0,dicionariocriativo.com.br,legit
13,0,0,0.4211,0,0,sintelcgil.it,legit
25,0,2,0.3636,0,0,enus-desk-ledgr.pages.dev,phishing
10,0,0,0.375,0,0,locanto.me,legit
10,0,0,0.4615,0,0,acocgr.org,legit
9,0,0,0.3077,0,0,buzzer.uk,phishing
11,0,0,0.4615,0,0,fujispo.com,legit
13,0,0,0.0,0,0,www.roblox.et,phishing
10,0,0,0.4444,0,0,sos.com.co,legit
14,1,2,0.4211,0,0,taifu-n-d3.com,legit
6,0,0,0.3333,0,0,mim.id,legit
27,0,0,0.3846,0,0,justiceinspectorates.gov.uk,legit
44,7,3,0.15,0,0,cvqgs88lkwg-wtrkbplx-3h2h9g-cvq17w.pages.dev,phishing
16,2,0,0.2857,0,0,pkr98game.net.pk,legit
23,0,1,0.4,0,0,eng-ledgerapp.pages.dev,phishing
8,0,0,0.4615,0,0,ncte.org,legit
12,0,0,0.4286,0,0,zlongame.com,legit
39,8,4,0.2105,0,0,usg-23up4-mcea1t-2e7cp-g6tdd6.pages.dev,phishing
14,2,0,0.4286,1,0,10casino.click,legit
20,0,0,0.48,0,0,elcapitantheatre.com,legit
32,0,3,0.3448,0,0,en-ledgr-hardware-shop.pages.dev,phishing
14,0,0,0.375,0,0,tubepatrol.pro,legit
17,0,0,0.3636,0,0,yunomorionsen.com,legit
7,0,0,0.4444,0,0,xlre.fr,legit
18,0,0,0.4348,0,0,justgreatcards.com,legit
14,0,0,0.5,0,0,taconet.com.tw,legit
23,0,0,0.3077,0,0,firearmlegaldefence.com,legit
15,0,0,0.4444,0,0,starbucks.co.jp,legit
9,0,0,0.3333,0,0,taskia.es,legit
13,0,0,0.5,0,0,tiptop.com.br,legit
28,0,0,0.3333,0,1,loginmyfacebook.blogspot.com,phishing
8,0,0,0.2,0,0,vidm.org,legit
14,0,0,0.4,0,0,zippyshare.com,legit
14,0,0,0.5,0,0,wagercenter.nl,legit
20,0,0,0.6087,0,0,testcontainers.cloud,legit
12,0,0,0.5333,0,0,geoconnex.us,legit
12,0,0,0.375,0,0,besogontv.ru,legit
13,0,0,0.0,0,0,www.roblox.ly,phishing
14,0,0,0.4211,0,0,underbizco.com,legit
22,0,0,0.3636,0,0,completelyretail.co.uk,legit
15,0,1,0.5556,0,0,por-alegria.com,legit
38,4,3,0.2162,0,0,nerveta-kxt-zorquni-c4x8fc73.pages.dev,phishing
12,0,1,0.4,0,0,my-egret.com,legit
24,0,0,0.2759,0,0,virtualizationreview.com,legit
11,0,1,0.4615,0,0,fx-list.com,legit
20,0,1,0.4,0,0,kaneko-hannosuke.com,legit
13,0,0,0.4,0,0,letsignit.com,legit
19,0,0,0.3636,0,0,smarttechblog.co.uk,legit
9,2,0,0.2,0,0,pgv55.com,legit
10,0,0,0.3333,0,0,ouxuxs.com,legit
19,0,0,0.5263,0,0,moonglowkorea.co.kr,legit
21,0,0,0.4211,0,0,hwidanzban.vercel.app,phishing
16,3,0,0.3158,0,0,hebrewpod101.com,legit
18,0,0,0.381,0,0,omnicalculator.com,legit
16,2,0,0.375,0,0,usa33proves.shop,legit
13,0,0,0.3333,0,0,hmuchurch.com,legit
16,2,0,0.4,0,0,90discounts.site,legit
16,0,0,0.3636,0,0,ozorafestival.eu,legit
14,0,0,0.7059,0,0,alegrazone.com,legit
14,1,0,0.375,1,0,moon7pains.top,legit
13,0,0,0.4,0,0,edmilenio.com,legit
15,0,0,0.375,0,0,peppershops.com,legit
13,0,0,0.4286,0,0,altprices.com,legit
10,1,0,0.3333,0,0,kn6tyf.com,legit
9,0,0,0.5,0,0,listed.to,legit
13,2,0,0.2857,0,0,vodka2e0f.com,legit
16,0,0,0.3333,0,0,jtexpress.com.br,legit
17,1,0,0.3529,0,0,g7juridico.com.br,legit
12,0,0,0.4,1,0,reslerti.top,phishing
11,1,0,0.3333,0,0,ovabet9.com,legit
17,0,0,0.3333,0,0,liquor.vic.gov.au,legit
13,0,0,0.3158,0,0,mobilmusic.ru,legit
11,0,0,0.4286,0,0,webhero.com,legit
13,0,0,0.3333,0,0,bdsmporno.org,legit
35,0,0,0.3226,0,1,instagramloginpassword.blogspot.com,phishing
14,0,0,0.3158,0,0,riverdance.com,legit
12,0,0,0.4286,0,0,simsehat.com,legit
16,0,0,0.3636,0,0,braunzimmerei.de,phishing
27,0,0,0.5,0,0,ambillsaweranguru.yvk.my.id,phishing
13,0,0,0.4444,0,0,bandarsub.com,legit
9,0,0,0.4,0,0,alynx.net,legit
42,1,2,0.2632,0,0,facebook-verification-system4.blogspot.com,phishing
17,0,0,0.0,0,0,www.roblox.com.ml,phishing
21,0,0,0.3077,0,0,beresfordresearch.com,legit
16,0,0,0.3529,0,0,appconfighub.com,legit
13,2,0,0.3333,0,0,modooav16.com,legit
32,0,2,0.3448,0,0,dextop-ledgrrcom-start.pages.dev,phishing
10,0,0,0.2667,0,0,tewnbl.com,legit
10,0,0,0.4615,0,0,azrotv.com,legit
13,0,0,0.4,0,0,mobiledit.com,legit
5,1,0,0.25,0,0,g5.lu,phishing
20,0,0,0.2857,0,0,webaphodd.zapier.app,phishing
15,0,0,0.375,0,0,fieldsupply.com,legit
15,0,0,0.3529,0,0,gloriumtech.com,legit
12,0,1,0.3077,0,0,v-comply.com,legit
23,0,0,0.3448,0,0,marinedieselservices.uk,phishing
15,0,0,0.3,0,0,thesidedeck.com,legit
17,0,0,0.3,0,0,betterdiscord.app,legit
21,0,2,0.3077,0,0,the-pasta-project.com,legit
11,0,0,0.4286,0,0,monopoly.ru,legit
11,0,0,0.3529,0,0,fortnine.ca,legit
9,1,0,0.2,0,0,kl9tu.com,legit
38,4,3,0.2162,0,0,telvoro-kxt-farqora-a9x2fc74.pages.dev,phishing
21,0,0,0.3333,0,0,baltimorefishbowl.com,legit
11,0,0,0.3529,0,0,handbook.hu,legit
9,0,0,0.1667,0,0,jxqszy.cn,legit
9,0,0,0.5,0,0,norisk.gg,legit
9,0,0,0.3077,0,0,weride.ai,legit
7,0,0,0.4,0,0,toon.ch,legit
9,0,0,0.3333,0,0,difesa.mx,legit
18,0,0,0.381,0,0,celestinehotels.jp,legit
16,0,1,0.3333,0,0,hollow-press.net,legit
37,0,0,0.381,0,0,videoblocktz.fordairductcleaning.info,phishing
9,0,0,0.4,0,0,vtrend.it,legit
15,0,0,0.5263,0,0,manhwaland.land,legit
17,0,0,0.4545,0,0,bisecthosting.com,legit
8,0,0,0.2,0,0,fiuu.com,legit
12,0,0,0.5,0,0,lembstroy.ru,legit
10,0,0,0.5455,0,0,vwapps.run,legit
10,0,0,0.4615,0,0,zaropo.com,legit
22,0,0,0.2963,0,0,dramazaptssrevenge.com,legit
10,0,0,0.3636,0,0,simpli.com,legit
19,0,1,0.32,0,0,interreg-central.eu,legit
25,0,0,0.3333,0,0,elalmacenfotovoltaico.com,legit
9,0,0,0.3636,0,0,kkday.com,legit
12,0,0,0.5,0,0,etexgroup.fr,legit
20,3,0,0.1818,0,0,ef691c.icefactory.cl,phishing
24,0,0,0.4,0,0,janbuddinggrondwerken.nl,legit
12,0,0,0.4,0,0,mobylines.de,legit
15,0,0,0.3,0,0,cthuwebdice.com,legit
9,0,0,0.3636,0,0,gomtv.com,legit
21,0,0,0.4,0,0,plbimportadora.com.br,legit
18,0,2,0.3478,0,0,board-of-metal.org,legit
8,0,0,0.3077,0,0,nvca.org,legit
11,7,0,0.0,1,0,0233233.xyz,legit
15,0,0,0.5,0,0,bigcasinoit.com,legit
19,0,1,0.5,0,0,en-ledgre.pages.dev,phishing
14,0,0,0.4,0,0,pledgebank.com,legit
11,0,1,0.375,0,0,k-arena.com,legit
9,0,0,0.2857,0,0,frick.org,legit
16,0,0,0.381,0,0,tdsecurities.com,legit
16,0,0,0.3333,0,0,codingninjas.com,legit
21,0,0,0.3333,0,1,securedlegaltitle.com,legit
38,4,3,0.1765,0,0,norqumi-kxt-belfavi-a1x4fc89.pages.dev,phishing
14,0,0,0.4211,0,0,socialwoot.com,legit
18,0,0,0.3478,0,0,sexymaturepics.com,legit
10,0,0,0.3077,0,0,usbr.ac.id,legit
9,0,0,0.2857,0,0,bifff.net,legit
15,3,0,0.3158,0,0,pt188gacor.site,legit
17,0,1,0.4348,0,0,sfn-developers.eu,legit
12,0,0,0.2667,0,0,fietsbieb.be,legit
10,0,0,0.3333,0,0,zglsfw.com,legit
25,3,0,0.25,0,0,primetradung221.github.io,phishing
14,0,1,0.375,0,0,pole-emploi.fr,legit
8,2,0,0.2222,0,0,lu88.run,legit
9,0,0,0.3333,0,0,boyaca.es,legit
20,5,0,0.1333,0,0,3889c5.icefactory.cl,phishing
20,0,0,0.3,0,0,betoholictrack.space,legit
10,0,0,0.3077,0,0,unicaja.es,legit
26,0,2,0.3871,0,0,minecraft-servers-list.org,legit
20,0,0,0.4211,0,0,thedailyangle.online,phishing
11,0,0,0.2857,0,0,kolumbus.no,legit
16,0,1,0.4444,0,0,gayporn-case.com,legit
20,0,0,0.3478,0,0,manglikmatrimony.com,legit
8,0,0,0.4,0,0,bowl.com,legit
13,3,0,0.2222,0,0,vgfutu290.com,legit
28,0,0,0.2759,0,0,philippineenergylawterms.com,legit
11,0,0,0.375,0,0,opentor.org,legit
12,0,0,0.4615,0,0,cilsales.net,legit
12,0,0,0.4286,0,0,vsimpptx.com,legit
13,0,0,0.4211,0,0,aroundtown.de,legit
11,1,0,0.4615,0,0,s1ot.casino,legit
19,0,1,0.2857,0,0,coinbase-lidiya.com,phishing
12,0,0,0.4286,0,0,kokogiak.com,legit
42,0,0,0.3684,0,0,increasefollowersforinstagram.blogspot.com,phishing
15,0,1,0.4615,0,0,yale-nus.edu.sg,legit
19,0,0,0.4,0,0,summitwagerhouse.nl,legit
10,0,0,0.4,0,0,simify.com,legit
8,2,0,0.2,0,0,eld88.us,legit
8,0,0,0.2,0,0,wkrg.com,legit
7,0,0,0.25,0,0,lnk.ink,phishing
8,0,0,0.4,0,0,mlin.net,legit
9,0,0,0.4286,0,0,camio.com,legit
17,0,1,0.3636,0,0,caravan-salon.com,legit
14,0,0,0.3158,0,0,briskaudio.com,legit
13,0,0,0.4,0,0,fencingtv.com,legit
14,0,0,0.5,0,0,panaloclub.com,legit
22,1,2,0.3077,0,0,smallhold-hosting-6.nl,legit
10,0,0,0.3077,0,0,youtube.ng,legit
16,0,0,0.2857,0,0,assuretamash.com,legit
21,0,0,0.3077,0,0,smak.scfrholdings.com,phishing
10,2,0,0.3077,0,0,naomi24.ua,legit
45,8,3,0.1905,0,0,pynkj311lkw-wlzgbwur-5m4m9b-pynk64p.pages.dev,phishing
16,0,0,0.3529,0,0,avsfencing.co.uk,legit
25,0,0,0.3704,0,0,adventuresinphotoshop.com,legit
12,0,0,0.5882,0,0,vanasser.net,legit
15,0,0,0.3333,0,0,gitesdarmor.com,legit
15,0,0,0.3529,0,0,betvipempire.us,legit
9,0,0,0.4,0,0,iajee.com,legit
31,0,3,0.3333,0,0,en-us-desktop-ledgerr.pages.dev,phishing
11,3,0,0.3333,0,0,777shal.com,legit
26,0,0,0.2581,0,0,theconstructioncompany.org,legit
18,0,0,0.3333,0,0,confcooperative.it,legit
19,0,0,0.4167,0,0,simplepdfreader.net,legit
18,0,1,0.3,0,0,pettime-petcare.uk,phishing
11,0,0,0.4706,0,0,atthalin.fr,legit
28,0,1,0.2581,0,0,rheinische-scheidestaette.de,legit
18,1,0,0.3529,0,0,jartd5wn.pages.dev,phishing
10,0,0,0.3636,0,0,petssl.com,legit
10,0,0,0.2222,0,0,sjc.com.vn,legit
12,0,0,0.4706,0,0,urbanair.com,legit
8,2,0,0.2,0,0,m28n.net,legit
13,0,0,0.4211,0,0,konjedland.ir,legit
24,0,0,0.3448,0,0,darkmarketsdirectory.com,legit
15,0,1,0.4,0,0,ace-hosting.com,legit
12,0,0,0.375,0,0,sleepshop.ua,legit
26,0,0,0.3077,0,0,oxfordresearchgroup.org.uk,legit
12,0,0,0.4,0,0,esspl.com.pk,legit
21,0,0,0.2667,0,0,frespacsh.frbg.web.id,phishing
29,3,0,0.2727,0,1,facebooklogin239.blogspot.com,phishing
7,0,0,0.3077,0,0,wndn.de,legit
11,0,0,0.6,0,0,april.co.il,legit
12,4,0,0.4286,0,0,1010wins.com,legit
17,1,0,0.4211,0,0,1stpaygateway.net,legit
60,5,3,0.2632,0,0,limitbase-entitlementscompany.s3.us-east-005.backblazeb2.com,phishing
25,0,0,0.3571,0,0,swiftcoverinsurance.co.uk,legit
10,0,0,0.5,0,0,mpamag.com,legit
12,0,0,0.5455,0,0,agogo.market,legit
21,0,0,0.4444,0,0,freshjackpotcorner.uk,legit
24,0,2,0.3,0,0,ldgr-liv-dsktp.pages.dev,phishing
14,2,0,0.2667,0,0,flixbets69.com,legit
16,0,0,0.2857,0,0,feedoptimise.com,legit
16,0,0,0.4444,0,0,autocraze.com.au,legit
16,3,0,0.1111,0,0,cdnhwccmz121.com,legit
13,0,0,0.4211,0,0,marineshop.no,legit
18,0,0,0.381,0,0,dailyslotsspace.uk,legit
22,0,0,0.32,0,0,thewideworldblog.co.uk,legit
25,0,0,0.3448,0,0,daudoitroichandapdat.baby,phishing
18,0,0,0.4211,0,0,xlcatlinlife.co.uk,legit
14,0,0,0.625,0,0,sataria.online,legit
11,0,0,0.4286,0,0,mcsrv.co.uk,legit
17,0,0,0.4545,0,0,catlingermany.com,legit
11,0,0,0.375,0,0,filmkio.run,legit
60,15,4,0.1395,0,0,6535cc73-c4e2-1bf4-773c-docviewer3.reynoldsjace5.workers.dev,phishing
19,0,0,0.2727,0,0,adilmakmurfajar.com,legit
25,0,0,0.2667,0,0,kokuahawaiifoundation.org,legit
15,0,0,0.4,0,0,dbsyndicate.com,legit
11,1,0,0.1429,0,0,kfc2u.space,legit
12,0,0,0.3529,0,0,tractrac.com,legit
17,0,1,0.3158,0,0,core-backbone.com,legit
17,0,0,0.375,0,0,eroyalimpex.trade,legit
17,0,0,0.3158,0,0,coolwillowrun.com,legit
12,0,0,0.5714,0,0,coinotag.com,legit
11,0,0,0.3077,0,0,pidc.org.tw,legit
13,0,0,0.4211,0,0,meinecloud.io,legit
8,0,1,0.5,0,0,e-gov.az,legit
18,0,0,0.3478,0,0,techoginetwork.com,legit
12,0,0,0.3077,0,0,jetour.co.za,legit
10,0,0,0.2857,0,0,utelcom.ru,legit
16,0,0,0.3333,0,0,buscarcep.com.br,legit
17,0,0,0.4444,0,0,mumsabera.monster,legit
21,0,0,0.3478,0,0,happysourcemonthly.nl,legit
21,3,0,0.2727,0,0,journaltoday360.co.uk,legit
9,0,0,0.3333,0,0,onewin.cl,legit
14,0,1,0.3158,0,0,solari-inc.org,legit
25,0,0,0.4,0,0,husqvarnaconstruction.com,legit
21,0,0,0.3478,0,0,circirselalesi.com.tr,legit
7,0,0,0.3333,0,0,tba.org,legit
10,2,0,0.1667,0,0,21cnjy.net,legit
14,0,0,0.4286,0,0,monloire.co.jp,legit
8,0,0,0.3077,0,0,bofa.com,legit
12,0,0,0.3077,0,0,dyorswap.org,legit
12,0,0,0.3529,0,0,maincube.net,legit
11,0,0,0.375,0,0,aiframe.net,legit
13,1,0,0.5556,0,0,intra2net.com,legit
21,0,0,0.4,0,0,theeagleonline.com.ng,legit
9,0,0,0.3333,0,0,nocria.jp,legit
15,0,0,0.5,0,0,rentalcover.com,legit
7,0,0,0.3333,0,0,trb.org,legit
14,0,0,0.5263,0,0,annthegran.com,legit
27,7,1,0.3125,0,0,sublytics-600afc6bd3e89.com,legit
15,0,0,0.3,0,0,foxesscloud.com,legit
17,0,0,0.3333,0,0,steepmelv.monster,legit
10,0,0,0.4,0,0,mrteng.com,legit
20,4,0,0.3333,0,0,bandit1001resmi.site,legit
16,0,0,0.3158,0,0,barbaraschool.nl,legit
15,0,0,0.5556,0,0,ranchhand.store,legit
12,0,0,0.3333,0,0,superliga.dk,legit
11,2,0,0.4615,0,0,canal26.com,legit
16,0,1,0.381,0,0,news-gazette.com,legit
15,0,0,0.3333,0,0,babespotting.tv,legit
9,0,0,0.4286,0,0,adria.com,legit
16,0,0,0.2857,0,0,themecentury.com,legit
13,0,0,0.5333,0,0,gotsoccer.com,legit
14,0,0,0.3,0,0,ticketblitz.de,legit
10,0,0,0.5,0,0,ntjiake.cn,legit
18,2,0,0.2857,0,0,k4zpqd8t.pages.dev,phishing
13,0,0,0.1667,0,0,tjutcm.edu.cn,legit
13,0,0,0.375,0,0,aldousbio.com,legit
11,0,0,0.375,0,0,iriscrm.com,legit
35,0,0,0.4211,0,0,cleningvideos.flintrestoration.info,phishing
19,0,0,0.4167,0,0,fncaringsociety.com,legit
19,0,0,0.3636,0,0,cleanersjunkpro.com,legit
10,0,0,0.3077,0,0,sevekut.ru,legit
11,0,0,0.2857,0,0,neomedia.sk,legit
11,0,1,0.4,0,0,e-petrol.pl,legit
13,0,0,0.2667,0,0,scdzdx.org.cn,legit
18,0,1,0.4,0,0,xxxvideos-tour.com,legit
14,0,0,0.4211,0,0,shelterluv.com,legit
12,0,0,0.3077,0,0,aiweiwei.com,legit
11,0,0,0.25,0,0,kaiciid.org,legit
10,0,1,0.2857,0,0,fe-krep.ru,legit
14,4,0,0.25,0,0,w4y5x51kit.cfd,legit
11,0,0,0.375,0,0,orbismo.com,legit
14,0,0,0.3158,0,0,dnsservers.biz,legit
10,0,0,0.375,0,0,fmovies.co,legit
18,0,0,0.4167,0,0,gratisaftehalen.nl,legit
15,0,0,0.4211,0,0,localnetwork.uk,legit
7,0,0,0.3077,0,0,swhd.de,legit
10,0,0,0.3077,0,0,tuolawa.pl,legit
19,0,2,0.3333,0,0,teos-bet-gercek.vip,legit
15,0,0,0.3529,0,0,pryanikdima.com,legit
7,0,0,0.2,0,0,ubuy.sl,legit
13,0,0,0.4,0,0,ownedcore.com,legit
32,0,2,0.2759,0,0,en-us-ledgerwalletlive.pages.dev,phishing
16,0,0,0.2727,0,0,fnchildclaims.ca,legit
14,0,0,0.3529,0,0,serveproxy.com,legit
15,0,0,0.4,0,0,matsuyama.co.jp,legit
17,0,0,0.0,0,0,www.busanopen.org,phishing
19,0,0,0.4167,0,0,wrestlingdommes.com,legit
15,0,0,0.2857,0,0,bjchyiea.org.cn,legit
12,0,1,0.4286,0,0,mail-to.link,legit
14,0,0,0.375,0,0,dinghuovip.com,legit
8,0,0,0.3077,0,0,wsha.org,legit
7,0,0,0.4,0,0,gign.lv,legit
20,0,0,0.3636,0,0,explainthatstuff.com,legit
12,4,0,0.1429,0,0,uu9gu403.com,legit
24,0,2,0.4762,0,0,en-ledgerr-com.pages.dev,phishing
21,0,0,0.4615,0,0,westcentralonline.com,legit
10,0,0,0.3333,0,0,fatboy.com,legit
16,0,1,0.4211,0,0,chargeget-ir.com,legit
24,0,0,0.3448,0,0,solusiwebsitebandung.net,legit
11,0,0,0.3077,0,0,self.com.cn,legit
10,0,0,0.3077,0,0,getchop.io,legit
10,0,0,0.6667,0,0,gooper.com,legit
8,0,0,0.4286,0,0,almic.eu,legit
12,0,0,0.375,0,0,livefresh.de,legit
18,0,0,0.4348,0,0,colourmoontech.com,legit
8,0,0,0.3077,0,0,jmcp.org,legit
12,0,0,0.3333,0,0,koncertyw.pl,legit
11,0,0,0.4,0,0,fullporn.to,legit
18,0,1,0.3478,0,0,qwentis-mirror.com,legit
13,0,0,0.5333,0,0,alphavapes.ca,legit
8,0,0,0.2857,0,0,delta.bz,legit
15,0,0,0.4211,0,0,agricoaching.in,legit
14,3,0,0.4,1,0,casino104.buzz,legit
19,0,0,0.3,0,0,sweetkissnight.casa,legit
13,0,0,0.4211,0,0,summitedge.us,legit
15,4,0,0.1111,0,0,vbrwd4qd356.com,legit
25,0,2,0.3704,0,0,group-mobility-trader.com,legit
11,0,0,0.5333,0,0,daegusto.me,legit
13,0,0,0.4706,0,0,nassogroup.it,legit
15,0,0,0.375,0,0,azulsystems.com,legit
9,0,0,0.5455,0,0,phobs.net,legit
17,0,0,0.4,0,0,alvaromurillo.com,legit
11,0,0,0.3529,0,0,edilmaco.it,legit
9,0,1,0.4,0,0,on-off.uz,legit
18,0,0,0.3478,0,0,todayaiweather.com,legit
17,0,0,0.3636,0,0,thelashlounge.com,legit
19,0,0,0.3478,0,0,valasskeklobouky.cz,legit
12,0,0,0.375,0,0,urlsearch.ru,legit
13,0,0,0.4,0,0,kinipaham.com,legit
10,4,0,0.1667,0,0,88yy05.com,legit
14,0,0,0.375,0,0,allwaysusa.com,legit
14,0,0,0.4211,0,0,naiaonline.org,legit
10,4,0,0.1333,0,0,cv9995.com,legit
11,1,0,0.4,0,0,sos9.online,legit
17,0,0,0.3636,0,0,customfurnish.com,legit
14,0,0,0.4706,0,0,leugardens.org,legit
14,0,0,0.3158,0,0,cdnbytescm.com,legit
11,0,1,0.3333,0,0,rpl-dns.net,legit
13,0,0,0.4,0,0,happybrush.de,legit
22,0,0,0.3333,0,0,easychickenrecipes.com,legit
7,0,0,0.25,0,0,eiu.edu,legit
8,0,0,0.3636,0,0,gtblg.ru,legit
10,1,0,0.3333,0,0,vv7aaa.com,legit
39,6,4,0.1579,0,0,xqt8hh-2yfmvk-w0n5c-wud-zl4n3.pages.dev,phishing
16,0,0,0.375,0,0,mfacebock.com.vn,phishing
15,0,0,0.4,0,0,gatewayarch.com,legit
18,0,0,0.4,0,0,vikingfootwear.com,legit
12,0,0,0.4444,0,0,demosdata.it,legit
15,3,2,0.375,0,0,apps-zh-500.com,legit
26,0,0,0.3226,0,0,hendricklexusnorthlake.com,legit
11,0,0,0.5455,0,0,ubaya.ac.id,legit
21,0,0,0.3077,0,0,placedescommerces.com,legit
21,0,0,0.4348,0,0,starboardgames.com.au,legit
8,0,0,0.4286,0,0,umbro.cl,legit
17,0,1,0.3,0,0,protect-family.de,legit
15,1,0,0.375,0,0,openspace3d.com,legit
18,1,0,0.2105,0,0,telugusexvids3.com,legit
19,0,0,0.5,0,0,fantasiasonline.com,legit
13,0,0,0.4,0,0,insideevs.com,legit
16,0,0,0.381,0,0,transfosmary.com,legit
10,3,0,0.1818,0,0,012jkl.com,legit
8,1,0,0.3636,0,0,nlg1.com,legit
16,0,0,0.5,0,0,playstream.media,legit
8,0,0,0.3333,0,0,hlbrc.cn,legit
40,1,4,0.2791,0,0,suvenirnaya-produkcziya-s-logotipom-1.ru,legit
17,0,0,0.3478,0,0,ditexinterieur.ch,legit
9,0,0,0.5714,0,0,igoso.net,legit
7,0,0,0.2222,0,0,fila.it,legit
21,0,1,0.3704,0,0,kliniken-schmieder.de,legit
14,0,0,0.375,0,0,laoxuehost.com,legit
9,1,0,0.6667,0,0,aero3.com,legit
12,0,0,0.3529,0,0,issarice.com,legit
15,0,0,0.3333,0,0,rapsomanikis.gr,legit
18,0,1,0.4762,0,0,vilnius-airport.lt,legit
13,0,0,0.3333,0,0,roboxquiz.com,legit
21,0,1,0.3846,0,0,capricious-chosen.com,legit
20,0,0,0.4,0,0,staceylamotheart.com,legit
16,3,0,0.4,0,0,casino291.online,legit
12,0,0,0.4286,0,0,doonails.com,legit
9,0,0,0.4,0,0,moreno.it,legit
9,0,0,0.5455,0,0,gogor.cam,legit
12,0,0,0.4706,0,0,statsoft.com,legit
41,4,3,0.2609,0,0,dry-sound-7812.jude-schindler.workers.dev,phishing
48,12,3,0.1702,0,0,mvrn81dqtwil-zktp2nnx-5o2m3e-zk999a352.pages.dev,phishing
13,0,0,0.5,0,0,indovision.tv,legit
14,0,0,0.375,0,0,matheasily.com,legit
9,0,0,0.5714,0,0,codot.gov,legit
14,0,0,0.375,0,0,eightafiya.one,legit
11,0,0,0.375,0,0,modento.com,legit
18,0,0,0.4348,0,0,signalqueryhub.com,legit
13,0,0,0.4444,0,0,yougandan.com,legit
9,0,0,0.3333,0,0,bibkat.de,legit
20,0,0,0.5385,0,0,sanadegreecollege.in,legit
10,0,0,0.3077,0,0,foundit.sg,legit
17,0,0,0.3158,0,0,expressionpub.com,legit
32,0,0,0.2703,0,0,theunemploymentbenefitsguide.com,legit
16,0,0,0.3333,0,0,erocamsclips.com,legit
16,0,1,0.4545,0,0,ip-assistance.be,legit
24,4,1,0.2105,0,0,84g4js6pbr-web.github.io,phishing
15,0,0,0.3,0,0,zuluconnect.net,legit
14,0,0,0.375,0,0,circulo.com.br,legit
21,0,0,0.2609,0,0,xxxhindisexyvideo.com,legit
13,0,0,0.2667,0,0,loudpizza.com,legit
15,0,0,0.4444,0,0,paulofreire.org,legit
13,0,0,0.5333,0,0,babymetal.com,legit
17,0,0,0.4211,0,0,pilarhomes.com.br,legit
16,0,0,0.4211,0,0,skynetwork.homes,legit
19,0,1,0.4,0,0,almaz-antel.digital,legit
14,0,0,0.4211,0,0,arcticwolf.net,legit
11,0,1,0.3077,0,0,b-parts.com,legit
14,0,0,0.3529,0,0,allakhazam.com,legit
17,0,0,0.4,0,0,northeasttoday.in,legit
14,0,0,0.4211,0,0,francfranc.com,legit
8,0,0,0.4286,0,0,sraap.in,legit
13,0,0,0.4444,0,0,takmusics.com,legit
13,2,1,0.2667,1,0,1win-cvb7.xyz,legit
10,0,0,0.3636,0,0,gameyj.com,legit
10,0,0,0.375,0,0,glamira.bz,legit
9,0,0,0.3636,0,0,wagmap.jp,legit
9,0,0,0.4615,0,0,linjer.co,legit
12,0,0,0.3529,0,0,tryohana.net,legit
14,0,0,0.5263,0,0,jenatadnes.com,legit
10,4,0,0.3333,0,0,ps3838.com,legit
14,0,0,0.4211,0,0,tubesafari.com,legit
15,0,0,0.4444,0,0,livelikelou.org,legit
10,0,0,0.4,0,0,smcgov.org,legit
17,0,0,0.4,0,0,toplinestudios.gg,legit
7,0,0,0.4615,0,0,coop.sk,legit
8,0,0,0.5455,0,0,aflo.com,legit
16,0,0,0.3529,0,0,ambulatori.cloud,legit
19,0,0,0.2857,0,0,dolarboliviahoy.com,legit
18,0,0,0.4211,0,0,heraldonline.co.zw,legit
22,0,0,0.3704,0,0,coastlinelibraries.org,legit
26,2,1,0.25,0,0,kfnuma-hsrkia42.vercel.app,phishing
15,0,0,0.5,0,0,aromapflege.com,legit
44,0,0,0.2857,0,0,chapellenotredamedelamedaillemiraculeuse.com,legit
18,0,0,0.4,0,0,tokintienda.com.ar,legit
12,0,0,0.4,0,0,wspnp.com.br,legit
12,0,0,0.4286,0,0,sprintis.com,legit
17,0,0,0.3333,0,0,medicalmedium.com,legit
12,0,0,0.4,0,0,mellanox.com,legit
13,0,0,0.4,0,0,orangeusd.org,legit
15,0,1,0.2353,0,0,rummy-world.com,legit
14,0,0,0.3529,0,0,webhorizon.net,legit
17,0,0,0.3636,0,0,ncrbackoffice.com,legit
15,1,0,0.3333,1,0,ca7measures.top,legit
11,0,0,0.3636,0,0,guzzl.co.uk,legit
14,0,0,0.3333,0,0,webbase.net.nz,legit
12,0,0,0.3077,0,0,qualisys.com,legit
11,0,0,0.3529,0,0,roularta.nl,legit
15,0,0,0.4444,0,0,amiclubwear.com,legit
14,0,0,0.3158,0,0,mamurdukan.com,legit
24,1,2,0.3448,1,0,betpark-yeni-adresi1.top,legit
16,0,2,0.2222,0,0,you-my-match.com,legit
10,0,0,0.3077,0,0,newauto.cn,legit
16,0,0,0.4706,0,0,heytapmobile.com,legit
11,0,0,0.4286,0,0,niponino.ro,legit
16,0,0,0.4444,0,0,ypvmoonstark.com,legit
7,0,0,0.4,0,0,yelp.ie,legit
13,0,0,0.3333,0,0,riamiavid.com,legit
12,0,0,0.4286,0,0,cryptpad.org,legit
9,0,0,0.3636,0,0,pcram.net,legit
16,0,1,0.3333,0,0,linked-space.com,legit
13,0,1,0.2857,0,0,beryl-med.com,legit
14,3,0,0.2353,0,0,lordfilm135.ru,legit
15,0,0,0.3,0,0,injuredcare.com,legit
36,0,2,0.0,0,0,www.clone-whatsapp-nextjs.vercel.app,phishing
21,0,0,0.2963,0,0,londonwheeljournal.uk,legit
15,0,0,0.3,0,0,chinaagency.net,legit
23,0,0,0.3846,0,0,horsezoofiliatube.space,legit
12,0,0,0.2857,0,0,zgmxjjgs.com,legit
11,1,0,0.3077,0,0,maxwin9.com,legit
20,0,0,0.2727,0,0,ecommitteesci.gov.in,legit
13,0,0,0.2857,0,0,accessmba.com,legit
9,0,0,0.4,0,0,ficcus.cl,legit
19,0,2,0.3333,0,0,sephora-info-fr.com,legit
15,1,0,0.4706,0,0,pinupbahis9.com,legit
9,0,0,0.3333,0,0,okclub.mx,legit
19,0,0,0.4167,0,0,wetcoasthosting.com,legit
20,3,0,0.3478,1,0,rtpjpsuster123.click,legit
15,7,0,0.1333,0,0,c002jp6064.info,legit
9,0,0,0.2,0,0,xqzda.com,legit
7,1,0,0.4,0,0,g0st.in,legit
40,2,3,0.2632,0,0,creditecuador-25--credecuador.replit.app,phishing
16,0,1,0.4211,0,0,andeo-hosting.ch,legit
11,0,0,0.25,0,0,sebexam.org,legit
7,0,0,0.6,0,0,nept.ru,legit
12,0,1,0.2222,0,0,die-bibel.de,legit
10,0,0,0.4615,0,0,gocarte.uk,phishing
20,0,0,0.4,0,0,lotteryoffice.com.au,legit
21,0,0,0.4348,0,0,sistemapideelo.online,legit
10,0,0,0.4615,0,0,hostlex.in,legit
7,0,0,0.3077,0,0,nvve.nl,legit
8,0,0,0.4,0,0,sipi.pro,legit
8,0,0,0.1818,0,0,imgbb.ru,legit
13,0,0,0.3333,0,0,shoesbank.org,legit
23,0,0,0.4,0,0,homedeliveryshop.com.au,legit
8,0,0,0.4444,0,0,pega.com,legit
25,0,2,0.4545,0,0,en-ledgrcom-ena.pages.dev,phishing
17,0,0,0.4,0,0,cameroondesks.com,legit
12,3,0,0.2667,0,0,megas777.com,legit
14,0,1,0.2353,0,0,uni-giessen.de,legit
11,0,0,0.3077,0,0,emailwiz.ai,legit
9,0,0,0.3333,0,0,zynews.cn,legit
17,0,0,0.4545,0,0,rutanmedellin.org,legit
14,0,0,0.4211,0,0,sofortarzt.com,legit
12,0,0,0.3333,0,0,whitewind.kz,legit
13,0,0,0.3529,0,0,leisureguy.ca,legit
15,0,0,0.3,0,0,spendvision.com,legit
14,0,0,0.3158,0,1,redmilogin.com,legit
16,0,0,0.381,0,0,interaksiyon.net,legit
16,0,0,0.3333,0,0,speedload.online,legit
10,0,0,0.4,0,0,anydns.com,legit
11,0,0,0.4615,0,0,qroo.gob.mx,legit
11,0,0,0.3077,0,0,elastic.sex,legit
10,3,0,0.1667,0,0,nfc877.com,legit
35,4,2,0.2667,0,0,fabulous-kleicha-12f8c0.netlify.app,phishing
11,0,1,0.3077,0,0,proc-gw.com,legit
20,1,0,0.2667,0,0,ca6bfc.icefactory.cl,phishing
9,0,0,0.4286,0,0,bamco.com,legit
11,0,1,0.4286,0,0,inn-tech.su,legit
6,0,0,0.25,0,0,ren.pt,legit
7,0,0,0.2,0,0,kiki.sk,legit
9,0,0,0.3636,0,0,wwoec.com,legit
10,0,0,0.4,0,0,comesa.int,legit
10,0,0,0.3333,0,0,cnwbgg.com,legit
10,0,0,0.3333,0,0,qyxxpd.com,legit
15,0,1,0.5,0,0,casino-top.best,legit
35,0,0,0.375,0,0,onchaincryptohelpcenter.netlify.app,phishing
7,0,0,0.2222,0,0,tub.bzh,legit
18,1,0,0.2857,0,0,servidorlinux9.com,legit
7,0,0,0.25,0,0,upf.org,legit
31,0,0,0.2963,0,0,facebooksociallink.blogspot.com,phishing
9,0,0,0.5455,0,0,alsket.lt,legit
12,0,0,0.5333,0,0,japanwelt.de,legit
12,0,0,0.375,0,0,rarecards.nl,legit
22,1,2,0.2963,0,0,mars-bahis-gercek2.vip,legit
11,0,0,0.3333,0,0,corplan.net,legit
18,3,1,0.3333,0,0,360grad-analyse.de,legit
14,0,0,0.4444,0,0,sallybeauty.ca,legit
13,0,0,0.5,0,0,agricover.com,legit
13,0,0,0.3333,0,0,winbay.casino,legit
22,0,0,0.3704,0,0,kingdomsofheckfire.com,legit
18,0,0,0.381,0,0,uplevelrewards.com,legit
14,1,1,0.3158,0,0,b2b-server.net,legit
16,0,0,0.3333,0,0,fordparcacim.com,legit
31,5,0,0.25,0,1,facebooklogin99999.blogspot.com,phishing
20,0,0,0.4,0,0,dielottozahlende.net,legit
8,0,0,0.5,0,0,arivo.co,legit
18,0,2,0.25,0,0,heute-am-himmel.de,legit
34,0,3,0.303,0,0,destops-ledgers-lived-us.pages.dev,phishing
24,0,0,0.4,0,0,klapperichrealestate.com,legit
17,0,0,0.5,0,0,mediapoint.com.ua,legit
10,0,0,0.5,0,0,coolkit.cc,legit
10,0,0,0.4,0,0,muzlit.net,legit
11,0,0,0.2857,0,0,bubakov.net,legit
10,1,0,0.1818,0,0,9liuda.com,legit
14,0,0,0.375,0,0,poaiyigong.com,legit
12,0,0,0.2667,0,0,budopunkt.ee,legit
11,0,0,0.4286,0,0,versjon.com,legit
20,4,0,0.0,0,0,8b33b9.icefactory.cl,phishing
12,0,0,0.4,0,0,wxapi.com.au,legit
25,0,0,0.3333,0,0,turquoisedoorboutique.com,legit
12,0,0,0.4286,0,0,gigapixel.gr,legit
19,0,0,0.48,0,0,valutaomregneren.dk,legit
17,0,0,0.0,0,0,www.roblox.com.gr,phishing
24,0,2,0.381,0,0,co-ledger-desk.pages.dev,phishing
11,0,0,0.4615,0,0,hotsales.by,legit
17,0,0,0.2609,0,0,hockenheimring.de,legit
21,0,0,0.3077,0,0,marketdatasystems.net,legit
16,0,0,0.3636,0,0,unipi.technology,legit
32,0,0,0.0,0,1,www.loginmyfacebook.blogspot.com,phishing
29,0,2,0.3846,0,0,desktop-ledgrcom-do.pages.dev,phishing
12,0,0,0.4706,0,0,shinwart.com,legit
8,0,0,0.3636,0,0,kisak.ru,legit
9,0,0,0.2,0,0,dmhy.best,legit
14,2,0,0.2667,0,0,12clubphpi.com,legit
11,0,0,0.375,0,0,quantum.com,legit
15,0,1,0.4762,0,0,axa-partners.pl,legit
7,0,0,0.4,0,0,igit.me,phishing
10,0,0,0.5,0,0,donland.ru,legit
11,0,0,0.3077,0,0,cnmn.com.cn,legit
10,0,0,0.5,0,0,managed.fi,legit
17,0,0,0.4211,0,0,andconnect.com.au,legit
6,0,0,0.2222,0,0,wr.com,legit
7,0,0,0.4,0,0,vrin.fr,legit
18,0,0,0.3529,0,0,bonsfluidos.com.br,legit
13,0,0,0.4444,0,0,ecomshore.com,legit
8,0,0,0.2,0,0,wjhg.com,legit
10,4,0,0.0,0,0,b2b168.com,legit
16,0,0,0.4,0,0,cumandibesi.site,legit
10,3,0,0.1538,0,0,203vfr.com,legit
11,0,0,0.4444,0,0,masp.org.br,legit
16,0,0,0.4762,0,0,wififreespot.com,legit
17,0,0,0.3333,0,0,prettyprudent.com,legit
9,0,0,0.5,0,0,casino.ua,legit
12,0,0,0.4444,0,0,auriganet.in,legit
13,0,0,0.4444,0,0,sciweaver.org,legit
16,0,0,0.3636,0,0,puredicehouse.nl,legit
20,0,0,0.3158,0,0,freedombroker.global,legit
14,0,0,0.3529,0,0,prochipovan.ru,legit
9,1,0,0.2857,0,0,t8tha.org,legit
11,0,0,0.3529,0,0,ceratech.ru,legit
8,0,0,0.4286,0,0,spnfa.ir,legit
13,0,1,0.375,0,0,lvz-online.de,legit
22,0,0,0.4444,0,0,straytoastersmusic.com,legit
40,0,0,0.2609,0,0,versicherungsstelledesdeutschenwaldes.de,legit
18,0,0,0.4348,0,0,goddessfantasy.net,legit
26,0,0,0.3158,0,0,_domainkey.gobbledygook.uk,phishing
14,0,0,0.4211,0,0,whatismode.com,legit
30,0,2,0.0,0,0,www.usdt-send-seven.vercel.app,phishing
15,0,0,0.3077,0,0,imperium.net.co,legit
14,0,0,0.4211,0,0,pdfreaders.org,legit
31,3,1,0.3,0,0,site-0pqf35csj.godaddysites.com,phishing
16,0,0,0.4762,0,0,smartfoxhost.com,legit
15,0,0,0.4,0,0,mlslistings.com,legit
17,0,0,0.3,0,0,hdheartsource.com,legit
10,0,0,0.375,0,0,mustnow.ru,legit
14,0,0,0.4,0,0,whitedocvrs.ru,legit
9,1,0,0.2667,0,0,sflix2.me,legit
13,0,0,0.2857,0,0,blassfire.com,legit
9,0,0,0.5455,0,0,uapeer.us,legit
10,0,0,0.4,0,0,snrbox.com,legit
13,0,0,0.3529,0,0,ietsgezond.nl,legit
24,0,2,0.4762,0,0,en-lves-ledgrr.pages.dev,phishing
16,0,0,0.4444,0,0,apexanalytix.com,legit
8,0,0,0.4,0,0,zoig.com,legit
18,0,1,0.2609,0,0,fukuhara-white.net,legit
35,5,4,0.1765,0,0,igk-izj-f72irf-rfp5a-2cm8.pages.dev,phishing
18,1,0,0.3158,0,0,vqpi9pfespngna.com,legit
8,0,0,0.4,0,0,eose.com,legit
7,0,0,0.4,0,0,zest.ai,legit
10,0,0,0.5,0,0,devapps.ru,legit
8,0,0,0.4286,0,0,khata.pe,legit
12,0,0,0.3529,0,0,rtsffqvl.com,legit
40,3,5,0.2564,0,0,sp22ct-vemur-biz-kelu-pani-7bd.pages.dev,phishing
14,0,0,0.5,0,0,sayapbolap.com,legit
10,1,0,0.4,0,0,w4nker.com,legit
12,3,0,0.2,0,0,ly123.edu.kg,legit
17,0,0,0.5,0,0,kansaisuper.co.jp,legit
16,4,0,0.381,0,0,dynasoft2000.com,legit
17,0,0,0.3158,0,0,hftforschools.org,legit
18,0,1,0.3478,0,0,granny-xxxtube.com,legit
14,0,0,0.5,0,0,russianarms.ru,legit
14,0,0,0.3529,0,0,citibank.co.id,legit
13,0,0,0.375,0,0,veruscorp.com,legit
16,0,0,0.375,0,0,passmefast.co.uk,legit
24,0,0,0.2759,0,0,rubbermaidcommercial.com,legit
13,0,0,0.3333,0,0,cloudsynn.com,legit
19,0,0,0.4545,0,0,safeguardglobal.com,legit
7,0,0,0.25,0,0,emk.com,legit
11,1,0,0.4286,0,0,shop4dog.cz,legit
16,0,0,0.4,0,0,elektrikforum.de,legit
10,0,0,0.2667,0,0,suprix.com,legit
18,0,1,0.4348,0,0,oncav-nawetaan.com,legit
11,0,0,0.375,0,0,weitang.net,legit
7,0,0,0.4444,0,0,lvye.cn,legit
11,1,0,0.3077,0,0,birlaa1.com,legit
23,0,0,0.24,0,0,terrypratchettbooks.com,legit
26,0,0,0.4138,0,0,malayalamfontgenerator.com,legit
12,0,0,0.4286,0,0,avtoalfa.com,legit
9,0,0,0.3636,0,0,yinka.org,legit
44,9,3,0.1463,0,0,ghjsc3140lk-mrqxbpli-2ik79d-ghj63c.pages.dev,phishing
10,0,0,0.3077,0,0,betlink.uk,legit
12,0,0,0.4286,0,0,safra.com.br,legit
12,1,0,0.3077,0,0,svip2web.com,legit
13,2,0,0.1429,0,0,wqfzlz9d1.com,legit
16,0,1,0.4211,0,0,openonline-io.nl,legit
14,0,0,0.5,0,0,sahkonhinta.fi,legit
15,0,0,0.4,0,0,mostbettopz.com,legit
11,0,0,0.3077,0,0,hospira.com,legit
18,1,0,0.2353,0,0,gt2idvbf.pages.dev,phishing
16,0,0,0.4,0,0,heavyhost.com.br,legit
18,0,0,0.4167,0,0,dailyroyalpoint.uk,legit
16,0,0,0.381,0,0,topwebcomics.com,legit
18,0,0,0.4211,0,0,animalporn.website,legit
20,0,0,0.4348,0,0,lelezardamoureux.com,legit
25,0,0,0.3571,0,0,littlefroginnovations.com,legit
11,0,0,0.2,0,0,zumba.media,legit
17,0,0,0.375,0,0,lomography.com.tr,legit
15,0,0,0.4706,0,0,smartris.com.br,legit
16,0,0,0.4211,0,0,hbdjewellery.com,legit
10,0,0,0.4,0,0,mersea.com,legit
7,1,0,0.2222,0,0,1url.at,phishing
19,0,0,0.4167,0,0,haronbouchannel.com,legit
16,0,0,0.3333,0,0,hotweirdporn.com,legit
12,0,0,0.4,0,0,kiamotors.kg,legit
11,0,0,0.375,0,0,shrturl.app,phishing
16,0,0,0.375,0,0,americana.edu.py,legit
8,1,1,0.2222,0,0,1-s.info,legit
9,0,0,0.5333,0,0,cancer.ie,legit
20,0,1,0.2727,0,0,deutsche-bank.com.cn,legit
20,0,2,0.2308,0,0,htttps-www-roblox.co,phishing
28,0,1,0.3333,0,0,formulario-enlinea.github.io,phishing
10,0,0,0.375,0,0,tenanto.in,legit
17,0,0,0.375,0,0,atpformosa.gob.ar,legit
12,0,0,0.6667,0,0,incaptest.co,legit
16,0,0,0.3529,0,0,ninewickets.site,legit
17,0,0,0.4,0,0,aplusproducts.net,legit
16,0,0,0.3333,0,0,bullybillows.com,legit
23,0,0,0.4545,0,0,ngamentogelsuper.online,legit
17,0,0,0.4,0,0,keirinsponichi.jp,legit
10,0,0,0.2667,0,0,futunn.com,legit
16,0,0,0.381,0,0,robertparker.com,legit
11,0,0,0.375,0,0,attruby.com,legit
12,3,0,0.2857,0,0,dhaka888.net,legit
10,0,0,0.375,0,0,cupmate.nu,legit
10,0,0,0.4,0,0,mobtop.com,legit
24,0,0,0.3333,0,0,horoscopedatingagency.uk,phishing
21,0,0,0.4167,0,0,allaboutthejersey.com,legit
7,0,0,0.3077,0,0,dora.sa,legit
18,0,0,0.3158,0,0,funeraltechweb.com,legit
15,0,1,0.3,0,0,taikyoku-en.com,legit
22,0,1,0.381,0,0,tania-kumari.github.io,phishing
13,0,0,0.4444,0,0,acurazine.com,legit
8,2,0,0.2222,0,0,38qa.net,legit
16,0,0,0.4211,0,0,netventure.cloud,legit
17,0,0,0.3158,0,0,jusmendoza.gob.ar,legit
12,0,0,0.2857,0,0,urban.etc.br,legit
19,0,1,0.3333,0,0,american-buddha.com,legit
21,0,0,0.4167,0,0,ukpavingtalkgroup.com,legit
18,1,0,0.2857,0,0,1noqmzrl.pages.dev,phishing
22,0,0,0.3333,0,0,dovessrbx.blogspot.com,phishing
16,0,0,0.4211,0,0,myinvitations.io,legit
28,0,2,0.32,0,0,ldgr-liive-desktop.pages.dev,phishing
29,0,2,0.3571,0,0,mitra-pemesanan-lpg.hykz.shop,phishing
11,0,0,0.3529,0,0,mtfcloud.ch,legit
44,9,3,0.2326,0,0,msprq724nhw-ycgfnfyn-0d9e3f-vn388a.pages.dev,phishing
22,0,2,0.3846,0,0,zollner-hotel-linen.eu,legit
13,0,0,0.4211,0,0,grandreims.fr,legit
29,2,0,0.3636,0,1,instagramlogin68.blogspot.com,phishing
12,0,0,0.2353,0,0,devicebd.com,legit
10,0,0,0.3333,0,0,glskfc.com,legit
14,0,1,0.375,0,0,client-axa.com,legit
18,0,0,0.4,0,0,mdanational.com.au,legit
22,0,0,0.4167,0,0,interstateplastics.com,legit
16,0,0,0.4,0,0,cloudbuilders.de,legit
8,2,0,0.2,0,0,10web.io,legit
9,0,0,0.4,0,0,nktv.info,legit
15,0,0,0.5,0,0,sharebatake.com,legit
12,0,0,0.3529,0,0,freelogs.com,legit
28,8,3,0.0,1,0,22-33-44-55.sucsscesfull.top,phishing
9,0,0,0.4,0,0,torani.in,legit
8,1,0,0.1538,0,0,5uvc.com,legit
9,0,0,0.3636,0,0,kingz.com,legit
15,0,0,0.0,0,0,www.ahhhh.pe.kr,phishing
23,0,0,0.5,0,0,sandbox.gobbledygook.uk,phishing
18,0,1,0.3333,0,0,globus-baumarkt.de,legit
9,0,0,0.3333,0,0,adu.ac.ae,legit
17,0,0,0.4,0,0,pulseroyaldesk.nl,legit
9,0,0,0.3077,0,0,kernel.sh,legit
12,0,0,0.375,0,0,userscope.ru,legit
13,0,0,0.4,0,0,otokar.com.tr,legit
9,3,0,0.1667,0,0,usi365.ro,legit
11,0,0,0.2222,0,0,mphu.edu.ua,legit
13,5,1,0.1333,1,0,koi365-21.xyz,legit
11,0,0,0.3529,0,0,recorder.ro,legit
9,0,0,0.3636,0,0,ocgov.com,legit
11,0,0,0.3077,0,0,heejaaa.com,legit
14,0,0,0.3077,0,0,bayburt.edu.tr,legit
12,0,0,0.375,0,0,seconda.club,legit
16,0,0,0.3529,0,0,londondaily.news,legit
44,4,2,0.3333,0,0,meinhostingfa14r-vaart9o5mp.live-website.com,phishing
12,0,0,0.3333,0,0,eviivo.media,legit
23,0,0,0.3077,0,0,nutrizionistaliguori.it,legit
12,0,0,0.4286,0,0,dashupos.com,legit
35,0,2,0.3,0,0,security-messenger-notification.art,phishing
16,0,0,0.375,0,0,markant.services,legit
9,0,0,0.3636,0,0,dnshu.net,legit
21,7,1,0.2105,0,0,brasil119-8623.com.br,legit
14,0,0,0.375,0,0,celinedion.com,legit
15,0,0,0.375,1,0,proflionela.xyz,phishing
7,0,0,0.2,0,0,ford.hu,legit
8,0,0,0.4444,0,0,spie.org,legit
15,0,0,0.6,0,0,mountainero.com,legit
16,0,0,0.3333,0,0,turkseker.gov.tr,legit
14,0,0,0.375,0,0,ymcadallas.org,legit
12,0,0,0.3529,0,0,smartbus.org,legit
22,0,2,0.3333,0,0,eg-exod-sweb.pages.dev,phishing
10,0,0,0.3333,0,0,homafy.com,legit
15,0,0,0.4286,0,0,uplinkbet.co.uk,legit
9,0,0,0.1818,0,0,qqthj.com,legit
8,0,0,0.4286,0,0,kanet.ru,legit
11,0,0,0.4,0,0,cikal.co.id,legit
13,0,0,0.375,0,0,cocooncare.in,legit
7,0,0,0.4444,0,0,kin.com,legit
61,5,3,0.3333,0,0,companycontrol-planelimitvault.s3.us-east-005.backblazeb2.com,phishing
11,4,0,0.1667,0,0,23bet36.com,legit
15,0,0,0.4,0,0,powerepos.cloud,legit
16,0,0,0.4444,0,0,izoardphotos.com,legit
30,0,2,0.3448,0,0,connect-ledgerr-live.pages.dev,phishing
14,0,1,0.375,0,0,oneida-nsn.gov,legit
15,0,1,0.381,0,0,shops-united.nl,legit
23,0,0,0.32,0,0,multicinecinemas.com.br,legit
16,0,1,0.3,0,0,maxim-demidov.ru,legit
10,2,0,0.3333,0,0,he2o9t.com,legit
15,0,0,0.4,0,0,biganinsesi.com,legit
15,0,0,0.3,0,0,juliettdate.com,legit
17,0,1,0.4348,0,0,istanbul-kebab.fr,legit
12,0,0,0.4286,0,0,gopenske.com,legit
11,0,0,0.375,0,0,profilo.com,legit
14,0,0,0.3529,0,0,gamesbridge.uk,legit
15,0,0,0.4,0,0,onlinereads.net,legit
17,0,0,0.3636,0,0,studioxdesign.com,legit
9,0,0,0.4,0,0,minfin.am,legit
20,0,0,0.3478,0,0,theladcollective.com,legit
9,0,0,0.3636,0,0,iarbre.fr,legit
11,1,3,0.25,0,0,8-r-i-f.com,legit
13,0,0,0.4,0,0,sonyworld.net,legit
9,0,0,0.5333,0,0,myhost.nz,legit
17,0,0,0.4,0,0,juraparkbaltow.pl,legit
12,0,0,0.2353,0,0,zcuhsrdd.com,legit
19,1,1,0.2857,0,0,free-dating4you.com,legit
26,3,1,0.2727,0,0,hongtintuc999-vn.github.io,phishing
17,0,0,0.4,0,0,alealelimited.com,legit
37,3,2,0.2941,0,0,necessary-maroon-2yx1anb9.edgeone.dev,phishing
13,1,0,0.3333,0,0,nixus2.com.co,legit
14,0,0,0.3158,0,0,socketlabs.com,legit
37,0,2,0.25,0,0,theoretical-lime-xlsbhqjx.edgeone.dev,phishing
14,0,0,0.4444,0,0,mediacoin.live,legit
11,0,0,0.4706,0,0,internew.gr,legit
9,0,0,0.1818,0,0,htbwg.com,legit
12,1,0,0.3529,0,0,manwamh5.com,legit
14,0,0,0.3529,0,0,yardionegc.com,legit
21,0,1,0.3333,0,0,metric-calculator.com,legit
16,0,0,0.375,0,0,delinquent.quest,phishing
11,0,0,0.6154,0,0,hotogel.com,legit
11,0,1,0.3529,0,0,fast-bet.ru,legit
13,0,0,0.3333,0,0,civiltary.com,legit
28,0,2,0.4348,0,0,common-apps-ledgre.pages.dev,phishing
15,1,0,0.4,1,0,moon7papers.top,legit
12,1,0,0.3333,0,0,virdsam4d.co,legit
29,0,0,0.2581,0,0,prophetessdebbiewilson.online,phishing
12,2,0,0.375,0,0,lre24artv.fr,phishing
15,0,0,0.4286,0,0,grupocsc.com.br,legit
16,0,1,0.4762,0,0,stato-tierce.com,legit
21,0,0,0.3077,0,0,federatedwireless.com,legit
12,0,0,0.4444,0,0,payintime.in,legit
22,0,0,0.2963,0,0,autoexpressinbursa.com,legit
10,0,0,0.3077,0,0,sxeseis.gr,legit
34,5,4,0.2424,0,0,ank-9gc-t67yu4-rdb-qslt5.pages.dev,phishing
13,0,0,0.3333,0,0,mudafy.com.ar,legit
6,0,0,0.0,0,0,uk.com,legit
10,0,0,0.3333,0,0,acquire.ai,legit
16,0,0,0.381,0,0,worldforhost.net,legit
28,0,0,0.4118,0,0,hotelristorantedellangelo.it,legit
11,0,0,0.3333,0,0,ruamupr.com,legit
12,0,0,0.4286,0,0,dbasopma.one,legit
16,0,0,0.4211,0,0,ipsmedigroup.com,legit
9,0,0,0.3333,0,0,nic.sener,legit
28,0,2,0.4,0,0,en-download-ledgrr.pages.dev,phishing
9,0,0,0.4,0,0,tesera.ru,legit
17,0,0,0.4211,0,0,impressbeauty.com,legit
18,0,0,0.3333,0,0,commissionaires.ca,legit
12,0,0,0.3333,0,0,tersteege.fr,legit
9,0,0,0.4,0,0,psideo.ch,legit
14,0,0,0.3158,0,0,newauction.org,legit
9,3,0,0.3636,0,0,511pa.com,legit
15,0,0,0.4,0,0,yantratools.com,legit
8,0,0,0.2857,0,0,moraj.pl,legit
10,0,0,0.2667,0,0,sixfab.com,legit
17,0,1,0.2609,0,0,digit-services.nl,legit
15,0,1,0.3333,0,0,kugoo-russia.ru,legit
10,0,0,0.5,0,0,fcenter.ru,legit
16,0,0,0.3333,0,0,nextroyalhub.com,legit
18,0,0,0.3,0,0,tamimahzulafal.com,legit
12,0,0,0.3529,0,0,hsempire.com,legit
11,0,0,0.2222,0,0,htb.systems,legit
12,0,0,0.3529,0,0,lumetest.com,legit
8,0,0,0.4286,0,0,avans.pl,legit
16,0,0,0.3158,0,0,sulinformacao.pt,legit
14,0,1,0.3333,0,0,idea-server.de,legit
11,0,0,0.375,0,0,hideuri.com,legit
8,0,0,0.5455,0,0,infor.kz,legit
28,1,3,0.4,0,0,en-live-ledgrr-1zl.pages.dev,phishing
16,0,1,0.381,0,0,axa-equtable.com,legit
11,0,0,0.4286,0,0,alotcdn.com,legit
19,0,0,0.48,0,0,chroniclesociety.uk,legit
19,1,0,0.25,0,0,traffic2bitcoin.com,legit
12,0,0,0.3529,0,0,grundens.com,legit
12,0,0,0.2857,0,0,buynship.com,legit
23,0,0,0.3846,0,1,slotsdailyupdates.co.uk,legit
12,0,1,0.375,0,0,avto-flot.ru,legit
15,0,0,0.4615,0,0,epilepsy.org.au,legit
14,0,0,0.2105,0,0,jymouyjxzr.com,legit
14,0,0,0.375,0,0,blueana.online,phishing
30,0,1,0.303,0,0,axa-equitablelifeinsurance.com,legit
28,0,1,0.3226,0,0,sparkplug-crossreference.com,legit
10,0,0,0.3636,0,0,openei.org,legit
13,0,0,0.5333,0,0,gamebolte.com,legit
14,0,0,0.3158,0,0,mediamatic.net,legit
14,0,0,0.3158,0,0,cheetahedp.com,legit
17,0,0,0.3636,0,0,ideamarketers.com,legit
8,0,0,0.5,0,0,jlreg.uk,legit
32,0,0,0.32,0,0,instagramlikescheap.blogspot.com,phishing
24,0,0,0.3077,0,0,versebyverseministry.org,legit
27,0,0,0.3,0,1,ffacebooklogin.blogspot.com,phishing
9,0,0,0.3333,0,0,blanks.ca,legit
23,0,0,0.3077,0,0,healthygreenkitchen.com,legit
18,2,0,0.4706,0,0,psitehost03.com.br,legit
31,0,3,0.3571,0,0,eng-ledgr-hardware-io.pages.dev,phishing
14,0,0,0.4,0,0,securitynet.cz,legit
13,0,0,0.4211,0,0,netbanking.mk,legit
34,3,0,0.3571,0,0,instagramfollowers146.blogspot.com,phishing
14,0,0,0.3529,0,0,persiasysco.ir,phishing
16,0,0,0.4545,0,0,wanderdoerfer.at,legit
12,5,0,0.1538,0,0,499bet05.com,legit
13,0,0,0.4,0,0,mgpindent.com,legit
13,0,0,0.5,0,0,ufinet.com.py,legit
13,1,0,0.3333,0,0,4kfibretv.com,legit
9,0,0,0.4286,0,0,otdev.org,legit
21,1,0,0.3,0,0,joabjunior7.github.io,phishing
14,0,0,0.5,0,0,gordonrees.com,legit
19,0,1,0.2857,0,0,tr-meritking.casino,legit
31,0,2,0.3077,0,0,trzrsuiteapp-org-engs.pages.dev,phishing
15,0,0,0.4444,0,0,riogrande.co.jp,legit
23,0,3,0.3571,0,0,the-big-bang-theory.com,legit
10,0,0,0.5714,0,0,esoft.tech,legit
13,0,1,0.4211,0,0,vat-search.eu,legit
10,0,0,0.5714,0,0,aeronav.ru,legit
12,0,0,0.4,0,0,sunwin.vegas,legit
